char_id,gender,varied_score,score_value,fat,muscle,hip_score,waist_def_score,height_score,full_body3,full_body5,full_body6,full_body1,torso110,torso109,arm101,arm3,arm2,arm4,arm5,torso104,torso105,torso103,torso102,torso101,torso114,torso115,torso113,torso111,torso106,torso107,torso2,torso1,leg3,leg2,torso112,torso4,leg4,leg5,2025-05-05-12-31-36_athetic_arn_01,2025-05-05-12-22-16_athetic_shoulder_01,2025-05-05-12-31-03_athetic_back_01,2025-05-05-12-07-08_athetic_chest_01,2025-05-08-11-32-58_athetic_chest_02,2025-06-10-15-34-47_athetic_chest_c,2025-05-08-15-26-33_athetic_abs_iso_01,2025-05-08-15-29-44_athetic_side_abs_01,2025-05-05-12-32-25_athetic_thigh_01,2025-05-05-12-33-02_athetic_calf_01,2025-05-05-13-47-33_athetic_chest_01,2025-05-05-12-18-34_athetic_abs_01,2025-05-07-14-12-07_pack_skinny_arm_01,2025-05-07-12-21-11_pack_skinny_shoulder_01,2025-06-10-17-08-24_pack_skinny_back_02,2025-05-08-14-58-30_pack_skinny_chest_03,2025-05-07-13-43-26_pack_skinny_abs_01,2025-05-07-12-27-17_pack_skinny_rib_01,2025-06-10-17-18-17_pack_skinny_thigh_02,2025-05-07-14-35-43_pack_skinny_calf_01,2025-06-10-17-01-51_pack_skinny_bottom_02,2025-05-07-12-04-51_pack_skinny_neck_01,2025-05-07-14-17-56_pack_skinny_spine_01
score_baseline_f,female,baseline,0.0,,,,,,0.0,1.0,0.0,0.0,0.0,0.0,0.0,0.0,0.0,0.0,0.0,0.0,0.0,0.0,0.05,0.05,0.0,0.0,0.0,0.0,0.0,0.0,0.0,0.0,0.0,0.0,0.0,0.0,0.0,0.0,0.0,0.0,0.0,0.0,0.0,0.0,0.0,0.0,0.0,0.0,0.0,0.0,0.4,0.4,0.4,0.4,0.4,0.4,0.4,0.4,0.4,0.4,0.4
score_fat_00_f,female,fat,0.0,0.0,0.0,0.0,0.0,0.5,0.0,1.0,0.0,0.0,0.0,0.0,0.0,0.0,0.0,0.0,0.0,0.0,0.0,0.0,0.05,0.05,0.0,0.0,0.0,0.0,0.0,0.0,0.0,0.0,0.0,0.0,0.0,0.0,0.0,0.0,0.0,0.0,0.0,0.0,0.0,0.0,0.0,0.0,0.0,0.0,0.0,0.0,0.4,0.4,0.4,0.4,0.4,0.4,0.4,0.4,0.4,0.4,0.4
score_fat_01_f,female,fat,0.1,0.1,0.0,0.0,0.0,0.5,0.1,0.3333,0.0,0.0,0.0,0.0,0.0,0.0,0.0,0.0,0.0,0.0,0.0,0.0,0.11,0.085,0.0,0.0,0.09,0.1,0.0,0.0,0.035,0.04,0.0,0.0,0.0,0.0,0.0,0.0,0.0,0.0,0.0,0.0,0.0,0.0,0.0,0.0,0.0,0.0,0.0,0.0,0.1333,0.1333,0.1333,0.1333,0.1333,0.1333,0.1333,0.1333,0.1333,0.1333,0.1333
score_fat_02_f,female,fat,0.2,0.2,0.0,0.0,0.0,0.5,0.2,0.0,0.0,0.0,0.0,0.0,0.0,0.0,0.0,0.0,0.0,0.0,0.0,0.0,0.17,0.12,0.0,0.0,0.18,0.2,0.0,0.0,0.07,0.08,0.0,0.0,0.0,0.0,0.0,0.0,0.0,0.0,0.0,0.0,0.0,0.0,0.0,0.0,0.0,0.0,0.0,0.0,0.0,0.0,0.0,0.0,0.0,0.0,0.0,0.0,0.0,0.0,0.0
score_fat_03_f,female,fat,0.3,0.3,0.0,0.0,0.0,0.5,0.3,0.0,0.0,0.0,0.0,0.0,0.0,0.0,0.0,0.0,0.0,0.0,0.0,0.0,0.23,0.155,0.0,0.0,0.27,0.3,0.0,0.0,0.105,0.12,0.0,0.0,0.0,0.0,0.0,0.0,0.0,0.0,0.0,0.0,0.0,0.0,0.0,0.0,0.0,0.0,0.0,0.0,0.0,0.0,0.0,0.0,0.0,0.0,0.0,0.0,0.0,0.0,0.0
score_fat_04_f,female,fat,0.4,0.4,0.0,0.0,0.0,0.5,0.4,0.0,0.0,0.0,0.0,0.0,0.0,0.0,0.0,0.0,0.0,0.0,0.0,0.0,0.29,0.19,0.0,0.0,0.36,0.4,0.0,0.0,0.14,0.16,0.0,0.0,0.0,0.0,0.0,0.0,0.0,0.0,0.0,0.0,0.0,0.0,0.0,0.0,0.0,0.0,0.0,0.0,0.0,0.0,0.0,0.0,0.0,0.0,0.0,0.0,0.0,0.0,0.0
score_fat_05_f,female,fat,0.5,0.5,0.0,0.0,0.0,0.5,0.5,0.0,0.0,0.0,0.0,0.0,0.0,0.0,0.0,0.0,0.0,0.0,0.0,0.0,0.35,0.225,0.0,0.0,0.45,0.5,0.0,0.0,0.175,0.2,0.0,0.0,0.0,0.0,0.0,0.0,0.0,0.0,0.0,0.0,0.0,0.0,0.0,0.0,0.0,0.0,0.0,0.0,0.0,0.0,0.0,0.0,0.0,0.0,0.0,0.0,0.0,0.0,0.0
score_fat_06_f,female,fat,0.6,0.6,0.0,0.0,0.0,0.5,0.6,0.0,0.0,0.0,0.0,0.0,0.0,0.0,0.0,0.0,0.0,0.0,0.0,0.0,0.41,0.26,0.0,0.0,0.54,0.6,0.0,0.0,0.21,0.24,0.0,0.0,0.0,0.0,0.0,0.0,0.0,0.0,0.0,0.0,0.0,0.0,0.0,0.0,0.0,0.0,0.0,0.0,0.0,0.0,0.0,0.0,0.0,0.0,0.0,0.0,0.0,0.0,0.0
score_fat_07_f,female,fat,0.7,0.7,0.0,0.0,0.0,0.5,0.7,0.0,0.0,0.0,0.0,0.0,0.0,0.0,0.0,0.0,0.0,0.0,0.0,0.0,0.47,0.295,0.0,0.0,0.63,0.7,0.0,0.0,0.245,0.28,0.0,0.0,0.0,0.0,0.0,0.0,0.0,0.0,0.0,0.0,0.0,0.0,0.0,0.0,0.0,0.0,0.0,0.0,0.0,0.0,0.0,0.0,0.0,0.0,0.0,0.0,0.0,0.0,0.0
score_fat_08_f,female,fat,0.8,0.8,0.0,0.0,0.0,0.5,0.8,0.0,0.0,0.0,0.0,0.0,0.0,0.0,0.0,0.0,0.0,0.0,0.0,0.0,0.53,0.33,0.0,0.0,0.72,0.8,0.0,0.0,0.28,0.32,0.0,0.0,0.0,0.0,0.0,0.0,0.0,0.0,0.0,0.0,0.0,0.0,0.0,0.0,0.0,0.0,0.0,0.0,0.0,0.0,0.0,0.0,0.0,0.0,0.0,0.0,0.0,0.0,0.0
score_fat_09_f,female,fat,0.9,0.9,0.0,0.0,0.0,0.5,0.9,0.0,0.0,0.0,0.0,0.0,0.0,0.0,0.0,0.0,0.0,0.0,0.0,0.0,0.59,0.365,0.0,0.0,0.81,0.9,0.0,0.0,0.315,0.36,0.0,0.0,0.0,0.0,0.0,0.0,0.0,0.0,0.0,0.0,0.0,0.0,0.0,0.0,0.0,0.0,0.0,0.0,0.0,0.0,0.0,0.0,0.0,0.0,0.0,0.0,0.0,0.0,0.0
score_fat_10_f,female,fat,1.0,1.0,0.0,0.0,0.0,0.5,1.0,0.0,0.0,0.0,0.0,0.0,0.0,0.0,0.0,0.0,0.0,0.0,0.0,0.0,0.65,0.4,0.0,0.0,0.9,1.0,0.0,0.0,0.35,0.4,0.0,0.0,0.0,0.0,0.0,0.0,0.0,0.0,0.0,0.0,0.0,0.0,0.0,0.0,0.0,0.0,0.0,0.0,0.0,0.0,0.0,0.0,0.0,0.0,0.0,0.0,0.0,0.0,0.0
score_muscle_00_f,female,muscle,0.0,0.0,0.0,0.0,0.0,0.5,0.0,1.0,0.0,0.0,0.0,0.0,0.0,0.0,0.0,0.0,0.0,0.0,0.0,0.0,0.05,0.05,0.0,0.0,0.0,0.0,0.0,0.0,0.0,0.0,0.0,0.0,0.0,0.0,0.0,0.0,0.0,0.0,0.0,0.0,0.0,0.0,0.0,0.0,0.0,0.0,0.0,0.0,0.4,0.4,0.4,0.4,0.4,0.4,0.4,0.4,0.4,0.4,0.4
score_muscle_01_f,female,muscle,0.1,0.0,0.1,0.0,0.0,0.5,0.0,0.6,0.0615,0.0,0.06,0.0,0.0,0.0,0.0,0.0,0.0,0.0,0.0,0.0,0.05,0.05,0.04,0.04,0.02,0.0,0.04,0.0,0.0,0.04,0.0,0.0,0.0,0.0,0.0,0.0,0.04,0.04,0.04,0.0133,0.0133,0.0133,0.02,0.02,0.04,0.04,0.04,0.04,0.4,0.4,0.4,0.4,0.4,0.4,0.4,0.4,0.4,0.4,0.4
score_muscle_02_f,female,muscle,0.2,0.0,0.2,0.0,0.0,0.5,0.0,0.2,0.1231,0.0,0.12,0.0,0.0,0.0,0.0,0.0,0.0,0.0,0.0,0.0,0.05,0.05,0.08,0.08,0.04,0.0,0.08,0.0,0.0,0.08,0.0,0.0,0.0,0.0,0.0,0.0,0.08,0.08,0.08,0.0267,0.0267,0.0267,0.04,0.04,0.08,0.08,0.08,0.08,0.4,0.4,0.4,0.4,0.4,0.4,0.4,0.4,0.4,0.4,0.4
score_muscle_03_f,female,muscle,0.3,0.0,0.3,0.0,0.0,0.5,0.0,0.0,0.1846,0.0,0.18,0.0,0.0,0.0,0.0,0.0,0.0,0.0,0.0,0.0,0.05,0.05,0.12,0.12,0.06,0.0,0.12,0.0,0.0,0.12,0.0,0.0,0.0,0.0,0.0,0.0,0.12,0.12,0.12,0.04,0.04,0.04,0.06,0.06,0.12,0.12,0.12,0.12,0.4,0.4,0.4,0.4,0.4,0.4,0.4,0.4,0.4,0.4,0.4
score_muscle_04_f,female,muscle,0.4,0.0,0.4,0.0,0.0,0.5,0.0,0.0,0.2462,0.0,0.24,0.0,0.0,0.0,0.0,0.0,0.0,0.0,0.0,0.0,0.05,0.05,0.16,0.16,0.08,0.0,0.16,0.0,0.0,0.16,0.0,0.0,0.0,0.0,0.0,0.0,0.16,0.16,0.16,0.0533,0.0533,0.0533,0.08,0.08,0.16,0.16,0.16,0.16,0.4,0.4,0.4,0.4,0.4,0.4,0.4,0.4,0.4,0.4,0.4
score_muscle_05_f,female,muscle,0.5,0.0,0.5,0.0,0.0,0.5,0.0,0.0,0.3077,0.0,0.3,0.0,0.0,0.0,0.0,0.0,0.0,0.0,0.0,0.0,0.05,0.05,0.2,0.2,0.1,0.0,0.2,0.0,0.0,0.2,0.0,0.0,0.0,0.0,0.0,0.0,0.2,0.2,0.2,0.0667,0.0667,0.0667,0.1,0.1,0.2,0.2,0.2,0.2,0.4,0.4,0.4,0.4,0.4,0.4,0.4,0.4,0.4,0.4,0.4
score_muscle_06_f,female,muscle,0.6,0.0,0.6,0.0,0.0,0.5,0.0,0.0,0.3692,0.0,0.36,0.0,0.0,0.0,0.0,0.0,0.0,0.0,0.0,0.0,0.05,0.05,0.24,0.24,0.12,0.0,0.24,0.0,0.0,0.24,0.0,0.0,0.0,0.0,0.0,0.0,0.24,0.24,0.24,0.08,0.08,0.08,0.12,0.12,0.24,0.24,0.24,0.24,0.4,0.4,0.4,0.4,0.4,0.4,0.4,0.4,0.4,0.4,0.4
score_muscle_07_f,female,muscle,0.7,0.0,0.7,0.0,0.0,0.5,0.0,0.0,0.3429,0.0571,0.42,0.0,0.0,0.0,0.0,0.0,0.0,0.0,0.0,0.0,0.05,0.05,0.28,0.28,0.14,0.0,0.28,0.0,0.0,0.28,0.0,0.0,0.0,0.0,0.0,0.0,0.28,0.28,0.28,0.0933,0.0933,0.0933,0.14,0.14,0.28,0.28,0.28,0.28,0.4,0.4,0.4,0.4,0.4,0.4,0.4,0.4,0.4,0.4,0.4
score_muscle_08_f,female,muscle,0.8,0.0,0.8,0.0,0.0,0.5,0.0,0.0,0.2286,0.1714,0.48,0.0,0.0,0.0,0.0,0.0,0.0,0.0,0.0,0.0,0.05,0.05,0.32,0.32,0.16,0.0,0.32,0.0,0.0,0.32,0.0,0.0,0.0,0.0,0.0,0.0,0.32,0.32,0.32,0.1067,0.1067,0.1067,0.16,0.16,0.32,0.32,0.32,0.32,0.4,0.4,0.4,0.4,0.4,0.4,0.4,0.4,0.4,0.4,0.4
score_muscle_09_f,female,muscle,0.9,0.0,0.9,0.0,0.0,0.5,0.0,0.0,0.1143,0.2857,0.54,0.0,0.0,0.0,0.0,0.0,0.0,0.0,0.0,0.0,0.05,0.05,0.36,0.36,0.18,0.0,0.36,0.0,0.0,0.36,0.0,0.0,0.0,0.0,0.0,0.0,0.36,0.36,0.36,0.12,0.12,0.12,0.18,0.18,0.36,0.36,0.36,0.36,0.4,0.4,0.4,0.4,0.4,0.4,0.4,0.4,0.4,0.4,0.4
score_muscle_10_f,female,muscle,1.0,0.0,1.0,0.0,0.0,0.5,0.0,0.0,0.0,0.4,0.6,0.0,0.0,0.0,0.0,0.0,0.0,0.0,0.0,0.0,0.05,0.05,0.4,0.4,0.2,0.0,0.4,0.0,0.0,0.4,0.0,0.0,0.0,0.0,0.0,0.0,0.4,0.4,0.4,0.1333,0.1333,0.1333,0.2,0.2,0.4,0.4,0.4,0.4,0.4,0.4,0.4,0.4,0.4,0.4,0.4,0.4,0.4,0.4,0.4
score_height_score_00_f,female,height_score,0.0,0.0,0.0,0.0,0.0,0.0,0.0,1.0,0.0,0.0,0.0,0.0,0.0,0.0,0.0,-1.0,-1.0,0.0,0.0,0.0,0.05,0.05,0.0,0.0,0.0,0.0,0.0,0.0,0.0,0.0,0.0,0.0,-1.0,-1.0,-1.0,-1.0,0.0,0.0,0.0,0.0,0.0,0.0,0.0,0.0,0.0,0.0,0.0,0.0,0.4,0.4,0.4,0.4,0.4,0.4,0.4,0.4,0.4,0.4,0.4
score_height_score_01_f,female,height_score,0.1,0.0,0.0,0.0,0.0,0.1,0.0,1.0,0.0,0.0,0.0,0.0,0.0,0.0,0.0,-0.8,-0.8,0.0,0.0,0.0,0.05,0.05,0.0,0.0,0.0,0.0,0.0,0.0,0.0,0.0,0.0,0.0,-0.8,-0.8,-0.8,-0.8,0.0,0.0,0.0,0.0,0.0,0.0,0.0,0.0,0.0,0.0,0.0,0.0,0.4,0.4,0.4,0.4,0.4,0.4,0.4,0.4,0.4,0.4,0.4
score_height_score_02_f,female,height_score,0.2,0.0,0.0,0.0,0.0,0.2,0.0,1.0,0.0,0.0,0.0,0.0,0.0,0.0,0.0,-0.6,-0.6,0.0,0.0,0.0,0.05,0.05,0.0,0.0,0.0,0.0,0.0,0.0,0.0,0.0,0.0,0.0,-0.6,-0.6,-0.6,-0.6,0.0,0.0,0.0,0.0,0.0,0.0,0.0,0.0,0.0,0.0,0.0,0.0,0.4,0.4,0.4,0.4,0.4,0.4,0.4,0.4,0.4,0.4,0.4
score_height_score_03_f,female,height_score,0.3,0.0,0.0,0.0,0.0,0.3,0.0,1.0,0.0,0.0,0.0,0.0,0.0,0.0,0.0,-0.4,-0.4,0.0,0.0,0.0,0.05,0.05,0.0,0.0,0.0,0.0,0.0,0.0,0.0,0.0,0.0,0.0,-0.4,-0.4,-0.4,-0.4,0.0,0.0,0.0,0.0,0.0,0.0,0.0,0.0,0.0,0.0,0.0,0.0,0.4,0.4,0.4,0.4,0.4,0.4,0.4,0.4,0.4,0.4,0.4
score_height_score_04_f,female,height_score,0.4,0.0,0.0,0.0,0.0,0.4,0.0,1.0,0.0,0.0,0.0,0.0,0.0,0.0,0.0,-0.2,-0.2,0.0,0.0,0.0,0.05,0.05,0.0,0.0,0.0,0.0,0.0,0.0,0.0,0.0,0.0,0.0,-0.2,-0.2,-0.2,-0.2,0.0,0.0,0.0,0.0,0.0,0.0,0.0,0.0,0.0,0.0,0.0,0.0,0.4,0.4,0.4,0.4,0.4,0.4,0.4,0.4,0.4,0.4,0.4
score_height_score_05_f,female,height_score,0.5,0.0,0.0,0.0,0.0,0.5,0.0,1.0,0.0,0.0,0.0,0.0,0.0,0.0,0.0,0.0,0.0,0.0,0.0,0.0,0.05,0.05,0.0,0.0,0.0,0.0,0.0,0.0,0.0,0.0,0.0,0.0,0.0,0.0,0.0,0.0,0.0,0.0,0.0,0.0,0.0,0.0,0.0,0.0,0.0,0.0,0.0,0.0,0.4,0.4,0.4,0.4,0.4,0.4,0.4,0.4,0.4,0.4,0.4
score_height_score_06_f,female,height_score,0.6,0.0,0.0,0.0,0.0,0.6,0.0,1.0,0.0,0.0,0.0,0.2,0.0,0.0,0.0,0.2,0.2,0.0,0.0,0.0,0.05,0.05,0.0,0.0,0.0,0.0,0.0,0.0,0.0,0.0,0.0,0.0,0.2,0.2,0.2,0.2,0.0,0.0,0.0,0.0,0.0,0.0,0.0,0.0,0.0,0.0,0.0,0.0,0.4,0.4,0.4,0.4,0.4,0.4,0.4,0.4,0.4,0.4,0.4
score_height_score_07_f,female,height_score,0.7,0.0,0.0,0.0,0.0,0.7,0.0,1.0,0.0,0.0,0.0,0.4,0.0,0.0,0.0,0.4,0.4,0.0,0.0,0.0,0.05,0.05,0.0,0.0,0.0,0.0,0.0,0.0,0.0,0.0,0.0,0.0,0.4,0.4,0.4,0.4,0.0,0.0,0.0,0.0,0.0,0.0,0.0,0.0,0.0,0.0,0.0,0.0,0.4,0.4,0.4,0.4,0.4,0.4,0.4,0.4,0.4,0.4,0.4
score_height_score_08_f,female,height_score,0.8,0.0,0.0,0.0,0.0,0.8,0.0,1.0,0.0,0.0,0.0,0.6,0.0,0.0,0.0,0.6,0.6,0.0,0.0,0.0,0.05,0.05,0.0,0.0,0.0,0.0,0.0,0.0,0.0,0.0,0.0,0.0,0.6,0.6,0.6,0.6,0.0,0.0,0.0,0.0,0.0,0.0,0.0,0.0,0.0,0.0,0.0,0.0,0.4,0.4,0.4,0.4,0.4,0.4,0.4,0.4,0.4,0.4,0.4
score_height_score_09_f,female,height_score,0.9,0.0,0.0,0.0,0.0,0.9,0.0,1.0,0.0,0.0,0.0,0.8,0.0,0.0,0.0,0.8,0.8,0.0,0.0,0.0,0.05,0.05,0.0,0.0,0.0,0.0,0.0,0.0,0.0,0.0,0.0,0.0,0.8,0.8,0.8,0.8,0.0,0.0,0.0,0.0,0.0,0.0,0.0,0.0,0.0,0.0,0.0,0.0,0.4,0.4,0.4,0.4,0.4,0.4,0.4,0.4,0.4,0.4,0.4
score_height_score_10_f,female,height_score,1.0,0.0,0.0,0.0,0.0,1.0,0.0,1.0,0.0,0.0,0.0,1.0,0.0,0.0,0.0,1.0,1.0,0.0,0.0,0.0,0.05,0.05,0.0,0.0,0.0,0.0,0.0,0.0,0.0,0.0,0.0,0.0,1.0,1.0,1.0,1.0,0.0,0.0,0.0,0.0,0.0,0.0,0.0,0.0,0.0,0.0,0.0,0.0,0.4,0.4,0.4,0.4,0.4,0.4,0.4,0.4,0.4,0.4,0.4
score_chest_height_score_00_f,female,chest_height_score,0.0,0.0,0.0,0.0,0.0,0.5,0.0,1.0,0.0,0.0,0.0,0.0,0.119,0.119,0.119,0.0,0.0,-0.25,-0.25,-0.25,0.05,0.05,0.0,0.0,0.0,0.0,0.0,0.119,0.0,0.0,0.119,0.119,-0.3,0.0,0.0,0.0,0.0,0.0,0.0,0.0,0.0,0.0,0.0,0.0,0.0,0.0,0.0,0.0,0.4,0.4,0.4,0.4,0.4,0.4,0.4,0.4,0.4,0.4,0.4
score_chest_height_score_01_f,female,chest_height_score,0.1,0.0,0.0,0.0,0.0,0.5,0.0,1.0,0.0,0.0,0.0,0.0,0.0952,0.0952,0.0952,0.0,0.0,-0.25,-0.25,-0.25,0.05,0.05,0.0,0.0,0.0,0.0,0.0,0.0952,0.0,0.0,0.0952,0.0952,-0.24,0.0,0.0,0.0,0.0,0.0,0.0,0.0,0.0,0.0,0.0,0.0,0.0,0.0,0.0,0.0,0.4,0.4,0.4,0.4,0.4,0.4,0.4,0.4,0.4,0.4,0.4
score_chest_height_score_02_f,female,chest_height_score,0.2,0.0,0.0,0.0,0.0,0.5,0.0,1.0,0.0,0.0,0.0,0.0,0.0714,0.0714,0.0714,0.0,0.0,-0.25,-0.25,-0.25,0.05,0.05,0.0,0.0,0.0,0.0,0.0,0.0714,0.0,0.0,0.0714,0.0714,-0.18,0.0,0.0,0.0,0.0,0.0,0.0,0.0,0.0,0.0,0.0,0.0,0.0,0.0,0.0,0.0,0.4,0.4,0.4,0.4,0.4,0.4,0.4,0.4,0.4,0.4,0.4
score_chest_height_score_03_f,female,chest_height_score,0.3,0.0,0.0,0.0,0.0,0.5,0.0,1.0,0.0,0.0,0.0,0.0,0.0476,0.0476,0.0476,0.0,0.0,-0.25,-0.25,-0.25,0.05,0.05,0.0,0.0,0.0,0.0,0.0,0.0476,0.0,0.0,0.0476,0.0476,-0.12,0.0,0.0,0.0,0.0,0.0,0.0,0.0,0.0,0.0,0.0,0.0,0.0,0.0,0.0,0.0,0.4,0.4,0.4,0.4,0.4,0.4,0.4,0.4,0.4,0.4,0.4
score_chest_height_score_04_f,female,chest_height_score,0.4,0.0,0.0,0.0,0.0,0.5,0.0,1.0,0.0,0.0,0.0,0.0,0.0238,0.0238,0.0238,0.0,0.0,-0.1429,-0.1429,-0.1429,0.05,0.05,0.0,0.0,0.0,0.0,0.0,0.0238,0.0,0.0,0.0238,0.0238,-0.06,0.0,0.0,0.0,0.0,0.0,0.0,0.0,0.0,0.0,0.0,0.0,0.0,0.0,0.0,0.0,0.4,0.4,0.4,0.4,0.4,0.4,0.4,0.4,0.4,0.4,0.4
score_chest_height_score_05_f,female,chest_height_score,0.5,0.0,0.0,0.0,0.0,0.5,0.0,1.0,0.0,0.0,0.0,0.0,0.0,0.0,0.0,0.0,0.0,0.0,0.0,0.0,0.05,0.05,0.0,0.0,0.0,0.0,0.0,0.0,0.0,0.0,0.0,0.0,0.0,0.0,0.0,0.0,0.0,0.0,0.0,0.0,0.0,0.0,0.0,0.0,0.0,0.0,0.0,0.0,0.4,0.4,0.4,0.4,0.4,0.4,0.4,0.4,0.4,0.4,0.4
score_chest_height_score_06_f,female,chest_height_score,0.6,0.0,0.0,0.0,0.0,0.5,0.0,1.0,0.0,0.0,0.0,0.0,-0.0238,-0.0238,-0.0238,0.0,0.0,0.1429,0.1429,0.1429,0.05,0.05,0.0,0.0,0.0,0.0,0.0,0.0,0.0,0.0,-0.0238,-0.0238,0.06,0.0,0.0,0.0,0.0,0.0,0.0,0.0,0.0,0.0,0.0,0.0,0.0,0.0,0.0,0.0,0.4,0.4,0.4,0.4,0.4,0.4,0.4,0.4,0.4,0.4,0.4
score_chest_height_score_07_f,female,chest_height_score,0.7,0.0,0.0,0.0,0.0,0.5,0.0,1.0,0.0,0.0,0.0,0.0,-0.0476,-0.0476,-0.0476,0.0,0.0,0.25,0.25,0.25,0.05,0.05,0.0,0.0,0.0,0.0,0.0,0.0,0.0,0.0,-0.0476,-0.0476,0.12,0.0,0.0,0.0,0.0,0.0,0.0,0.0,0.0,0.0,0.0,0.0,0.0,0.0,0.0,0.0,0.4,0.4,0.4,0.4,0.4,0.4,0.4,0.4,0.4,0.4,0.4
score_chest_height_score_08_f,female,chest_height_score,0.8,0.0,0.0,0.0,0.0,0.5,0.0,1.0,0.0,0.0,0.0,0.0,-0.0714,-0.0714,-0.0714,0.0,0.0,0.25,0.25,0.25,0.05,0.05,0.0,0.0,0.0,0.0,0.0,0.0,0.0,0.0,-0.0714,-0.0714,0.18,0.0,0.0,0.0,0.0,0.0,0.0,0.0,0.0,0.0,0.0,0.0,0.0,0.0,0.0,0.0,0.4,0.4,0.4,0.4,0.4,0.4,0.4,0.4,0.4,0.4,0.4
score_chest_height_score_09_f,female,chest_height_score,0.9,0.0,0.0,0.0,0.0,0.5,0.0,1.0,0.0,0.0,0.0,0.0,-0.0952,-0.0952,-0.0952,0.0,0.0,0.25,0.25,0.25,0.05,0.05,0.0,0.0,0.0,0.0,0.0,0.0,0.0,0.0,-0.0952,-0.0952,0.24,0.0,0.0,0.0,0.0,0.0,0.0,0.0,0.0,0.0,0.0,0.0,0.0,0.0,0.0,0.0,0.4,0.4,0.4,0.4,0.4,0.4,0.4,0.4,0.4,0.4,0.4
score_chest_height_score_10_f,female,chest_height_score,1.0,0.0,0.0,0.0,0.0,0.5,0.0,1.0,0.0,0.0,0.0,0.0,-0.119,-0.119,-0.119,0.0,0.0,0.25,0.25,0.25,0.05,0.05,0.0,0.0,0.0,0.0,0.0,0.0,0.0,0.0,-0.119,-0.119,0.3,0.0,0.0,0.0,0.0,0.0,0.0,0.0,0.0,0.0,0.0,0.0,0.0,0.0,0.0,0.0,0.4,0.4,0.4,0.4,0.4,0.4,0.4,0.4,0.4,0.4,0.4
score_hip_length_score_00_f,female,hip_length_score,0.0,0.0,0.0,0.0,0.0,0.5,0.0,1.0,0.0,0.0,0.0,0.0,0.119,0.119,0.119,0.0,0.0,0.119,0.119,0.119,0.05,0.05,0.0,0.0,0.0,0.0,0.0,0.0,0.0,0.0,0.119,0.119,0.0,-0.3,0.0,0.0,0.0,0.0,0.0,0.0,0.0,0.0,0.0,0.0,0.0,0.0,0.0,0.0,0.4,0.4,0.4,0.4,0.4,0.4,0.4,0.4,0.4,0.4,0.4
score_hip_length_score_01_f,female,hip_length_score,0.1,0.0,0.0,0.0,0.0,0.5,0.0,1.0,0.0,0.0,0.0,0.0,0.0952,0.0952,0.0952,0.0,0.0,0.0952,0.0952,0.0952,0.05,0.05,0.0,0.0,0.0,0.0,0.0,0.0,0.0,0.0,0.0952,0.0952,0.0,-0.24,0.0,0.0,0.0,0.0,0.0,0.0,0.0,0.0,0.0,0.0,0.0,0.0,0.0,0.0,0.4,0.4,0.4,0.4,0.4,0.4,0.4,0.4,0.4,0.4,0.4
score_hip_length_score_02_f,female,hip_length_score,0.2,0.0,0.0,0.0,0.0,0.5,0.0,1.0,0.0,0.0,0.0,0.0,0.0714,0.0714,0.0714,0.0,0.0,0.0714,0.0714,0.0714,0.05,0.05,0.0,0.0,0.0,0.0,0.0,0.0,0.0,0.0,0.0714,0.0714,0.0,-0.18,0.0,0.0,0.0,0.0,0.0,0.0,0.0,0.0,0.0,0.0,0.0,0.0,0.0,0.0,0.4,0.4,0.4,0.4,0.4,0.4,0.4,0.4,0.4,0.4,0.4
score_hip_length_score_03_f,female,hip_length_score,0.3,0.0,0.0,0.0,0.0,0.5,0.0,1.0,0.0,0.0,0.0,0.0,0.0476,0.0476,0.0476,0.0,0.0,0.0476,0.0476,0.0476,0.05,0.05,0.0,0.0,0.0,0.0,0.0,0.0,0.0,0.0,0.0476,0.0476,0.0,-0.12,0.0,0.0,0.0,0.0,0.0,0.0,0.0,0.0,0.0,0.0,0.0,0.0,0.0,0.0,0.4,0.4,0.4,0.4,0.4,0.4,0.4,0.4,0.4,0.4,0.4
score_hip_length_score_04_f,female,hip_length_score,0.4,0.0,0.0,0.0,0.0,0.5,0.0,1.0,0.0,0.0,0.0,0.0,0.0238,0.0238,0.0238,0.0,0.0,0.0238,0.0238,0.0238,0.05,0.05,0.0,0.0,0.0,0.0,0.0,0.0,0.0,0.0,0.0238,0.0238,0.0,-0.06,0.0,0.0,0.0,0.0,0.0,0.0,0.0,0.0,0.0,0.0,0.0,0.0,0.0,0.0,0.4,0.4,0.4,0.4,0.4,0.4,0.4,0.4,0.4,0.4,0.4
score_hip_length_score_05_f,female,hip_length_score,0.5,0.0,0.0,0.0,0.0,0.5,0.0,1.0,0.0,0.0,0.0,0.0,0.0,0.0,0.0,0.0,0.0,0.0,0.0,0.0,0.05,0.05,0.0,0.0,0.0,0.0,0.0,0.0,0.0,0.0,0.0,0.0,0.0,0.0,0.0,0.0,0.0,0.0,0.0,0.0,0.0,0.0,0.0,0.0,0.0,0.0,0.0,0.0,0.4,0.4,0.4,0.4,0.4,0.4,0.4,0.4,0.4,0.4,0.4
score_hip_length_score_06_f,female,hip_length_score,0.6,0.0,0.0,0.0,0.0,0.5,0.0,1.0,0.0,0.0,0.0,0.0,-0.0238,-0.0238,-0.0238,0.0,0.0,-0.0238,-0.0238,-0.0238,0.05,0.05,0.0,0.0,0.0,0.0,0.0,0.1429,0.0,0.0,-0.0238,-0.0238,0.0,0.06,0.0,0.0,0.0,0.0,0.0,0.0,0.0,0.0,0.0,0.0,0.0,0.0,0.0,0.0,0.4,0.4,0.4,0.4,0.4,0.4,0.4,0.4,0.4,0.4,0.4
score_hip_length_score_07_f,female,hip_length_score,0.7,0.0,0.0,0.0,0.0,0.5,0.0,1.0,0.0,0.0,0.0,0.0,-0.0476,-0.0476,-0.0476,0.0,0.0,-0.0476,-0.0476,-0.0476,0.05,0.05,0.0,0.0,0.0,0.0,0.0,0.25,0.0,0.0,-0.0476,-0.0476,0.0,0.12,0.0,0.0,0.0,0.0,0.0,0.0,0.0,0.0,0.0,0.0,0.0,0.0,0.0,0.0,0.4,0.4,0.4,0.4,0.4,0.4,0.4,0.4,0.4,0.4,0.4
score_hip_length_score_08_f,female,hip_length_score,0.8,0.0,0.0,0.0,0.0,0.5,0.0,1.0,0.0,0.0,0.0,0.0,-0.0714,-0.0714,-0.0714,0.0,0.0,-0.0714,-0.0714,-0.0714,0.05,0.05,0.0,0.0,0.0,0.0,0.0,0.25,0.0,0.0,-0.0714,-0.0714,0.0,0.18,0.0,0.0,0.0,0.0,0.0,0.0,0.0,0.0,0.0,0.0,0.0,0.0,0.0,0.0,0.4,0.4,0.4,0.4,0.4,0.4,0.4,0.4,0.4,0.4,0.4
score_hip_length_score_09_f,female,hip_length_score,0.9,0.0,0.0,0.0,0.0,0.5,0.0,1.0,0.0,0.0,0.0,0.0,-0.0952,-0.0952,-0.0952,0.0,0.0,-0.0952,-0.0952,-0.0952,0.05,0.05,0.0,0.0,0.0,0.0,0.0,0.25,0.0,0.0,-0.0952,-0.0952,0.0,0.24,0.0,0.0,0.0,0.0,0.0,0.0,0.0,0.0,0.0,0.0,0.0,0.0,0.0,0.0,0.4,0.4,0.4,0.4,0.4,0.4,0.4,0.4,0.4,0.4,0.4
score_hip_length_score_10_f,female,hip_length_score,1.0,0.0,0.0,0.0,0.0,0.5,0.0,1.0,0.0,0.0,0.0,0.0,-0.119,-0.119,-0.119,0.0,0.0,-0.119,-0.119,-0.119,0.05,0.05,0.0,0.0,0.0,0.0,0.0,0.25,0.0,0.0,-0.119,-0.119,0.0,0.3,0.0,0.0,0.0,0.0,0.0,0.0,0.0,0.0,0.0,0.0,0.0,0.0,0.0,0.0,0.4,0.4,0.4,0.4,0.4,0.4,0.4,0.4,0.4,0.4,0.4
score_thigh_length_score_00_f,female,thigh_length_score,0.0,0.0,0.0,0.0,0.0,0.5,0.0,1.0,0.0,0.0,0.0,0.0,0.119,0.119,0.119,0.0,0.0,0.119,0.119,0.119,0.05,0.05,0.0,0.0,0.0,0.0,0.0,0.119,0.0,0.0,-0.25,0.119,0.0,0.0,-0.3,0.0,0.0,0.0,0.0,0.0,0.0,0.0,0.0,0.0,0.0,0.0,0.0,0.0,0.4,0.4,0.4,0.4,0.4,0.4,0.4,0.4,0.4,0.4,0.4
score_thigh_length_score_01_f,female,thigh_length_score,0.1,0.0,0.0,0.0,0.0,0.5,0.0,1.0,0.0,0.0,0.0,0.0,0.0952,0.0952,0.0952,0.0,0.0,0.0952,0.0952,0.0952,0.05,0.05,0.0,0.0,0.0,0.0,0.0,0.0952,0.0,0.0,-0.25,0.0952,0.0,0.0,-0.24,0.0,0.0,0.0,0.0,0.0,0.0,0.0,0.0,0.0,0.0,0.0,0.0,0.0,0.4,0.4,0.4,0.4,0.4,0.4,0.4,0.4,0.4,0.4,0.4
score_thigh_length_score_02_f,female,thigh_length_score,0.2,0.0,0.0,0.0,0.0,0.5,0.0,1.0,0.0,0.0,0.0,0.0,0.0714,0.0714,0.0714,0.0,0.0,0.0714,0.0714,0.0714,0.05,0.05,0.0,0.0,0.0,0.0,0.0,0.0714,0.0,0.0,-0.25,0.0714,0.0,0.0,-0.18,0.0,0.0,0.0,0.0,0.0,0.0,0.0,0.0,0.0,0.0,0.0,0.0,0.0,0.4,0.4,0.4,0.4,0.4,0.4,0.4,0.4,0.4,0.4,0.4
score_thigh_length_score_03_f,female,thigh_length_score,0.3,0.0,0.0,0.0,0.0,0.5,0.0,1.0,0.0,0.0,0.0,0.0,0.0476,0.0476,0.0476,0.0,0.0,0.0476,0.0476,0.0476,0.05,0.05,0.0,0.0,0.0,0.0,0.0,0.0476,0.0,0.0,-0.25,0.0476,0.0,0.0,-0.12,0.0,0.0,0.0,0.0,0.0,0.0,0.0,0.0,0.0,0.0,0.0,0.0,0.0,0.4,0.4,0.4,0.4,0.4,0.4,0.4,0.4,0.4,0.4,0.4
score_thigh_length_score_04_f,female,thigh_length_score,0.4,0.0,0.0,0.0,0.0,0.5,0.0,1.0,0.0,0.0,0.0,0.0,0.0238,0.0238,0.0238,0.0,0.0,0.0238,0.0238,0.0238,0.05,0.05,0.0,0.0,0.0,0.0,0.0,0.0238,0.0,0.0,-0.1429,0.0238,0.0,0.0,-0.06,0.0,0.0,0.0,0.0,0.0,0.0,0.0,0.0,0.0,0.0,0.0,0.0,0.0,0.4,0.4,0.4,0.4,0.4,0.4,0.4,0.4,0.4,0.4,0.4
score_thigh_length_score_05_f,female,thigh_length_score,0.5,0.0,0.0,0.0,0.0,0.5,0.0,1.0,0.0,0.0,0.0,0.0,0.0,0.0,0.0,0.0,0.0,0.0,0.0,0.0,0.05,0.05,0.0,0.0,0.0,0.0,0.0,0.0,0.0,0.0,0.0,0.0,0.0,0.0,0.0,0.0,0.0,0.0,0.0,0.0,0.0,0.0,0.0,0.0,0.0,0.0,0.0,0.0,0.4,0.4,0.4,0.4,0.4,0.4,0.4,0.4,0.4,0.4,0.4
score_thigh_length_score_06_f,female,thigh_length_score,0.6,0.0,0.0,0.0,0.0,0.5,0.0,1.0,0.0,0.0,0.0,0.0,-0.0238,-0.0238,-0.0238,0.0,0.0,-0.0238,-0.0238,-0.0238,0.05,0.05,0.0,0.0,0.0,0.0,0.0,0.0,0.0,0.0,0.1429,-0.0238,0.0,0.0,0.06,0.0,0.0,0.0,0.0,0.0,0.0,0.0,0.0,0.0,0.0,0.0,0.0,0.0,0.4,0.4,0.4,0.4,0.4,0.4,0.4,0.4,0.4,0.4,0.4
score_thigh_length_score_07_f,female,thigh_length_score,0.7,0.0,0.0,0.0,0.0,0.5,0.0,1.0,0.0,0.0,0.0,0.0,-0.0476,-0.0476,-0.0476,0.0,0.0,-0.0476,-0.0476,-0.0476,0.05,0.05,0.0,0.0,0.0,0.0,0.0,0.0,0.0,0.0,0.25,-0.0476,0.0,0.0,0.12,0.0,0.0,0.0,0.0,0.0,0.0,0.0,0.0,0.0,0.0,0.0,0.0,0.0,0.4,0.4,0.4,0.4,0.4,0.4,0.4,0.4,0.4,0.4,0.4
score_thigh_length_score_08_f,female,thigh_length_score,0.8,0.0,0.0,0.0,0.0,0.5,0.0,1.0,0.0,0.0,0.0,0.0,-0.0714,-0.0714,-0.0714,0.0,0.0,-0.0714,-0.0714,-0.0714,0.05,0.05,0.0,0.0,0.0,0.0,0.0,0.0,0.0,0.0,0.25,-0.0714,0.0,0.0,0.18,0.0,0.0,0.0,0.0,0.0,0.0,0.0,0.0,0.0,0.0,0.0,0.0,0.0,0.4,0.4,0.4,0.4,0.4,0.4,0.4,0.4,0.4,0.4,0.4
score_thigh_length_score_09_f,female,thigh_length_score,0.9,0.0,0.0,0.0,0.0,0.5,0.0,1.0,0.0,0.0,0.0,0.0,-0.0952,-0.0952,-0.0952,0.0,0.0,-0.0952,-0.0952,-0.0952,0.05,0.05,0.0,0.0,0.0,0.0,0.0,0.0,0.0,0.0,0.25,-0.0952,0.0,0.0,0.24,0.0,0.0,0.0,0.0,0.0,0.0,0.0,0.0,0.0,0.0,0.0,0.0,0.0,0.4,0.4,0.4,0.4,0.4,0.4,0.4,0.4,0.4,0.4,0.4
score_thigh_length_score_10_f,female,thigh_length_score,1.0,0.0,0.0,0.0,0.0,0.5,0.0,1.0,0.0,0.0,0.0,0.0,-0.119,-0.119,-0.119,0.0,0.0,-0.119,-0.119,-0.119,0.05,0.05,0.0,0.0,0.0,0.0,0.0,0.0,0.0,0.0,0.25,-0.119,0.0,0.0,0.3,0.0,0.0,0.0,0.0,0.0,0.0,0.0,0.0,0.0,0.0,0.0,0.0,0.0,0.4,0.4,0.4,0.4,0.4,0.4,0.4,0.4,0.4,0.4,0.4
score_lower_leg_length_score_00_f,female,lower_leg_length_score,0.0,0.0,0.0,0.0,0.0,0.5,0.0,1.0,0.0,0.0,0.0,0.0,0.119,0.119,0.119,0.0,0.0,0.119,0.119,0.119,0.05,0.05,0.0,0.0,0.0,0.0,0.0,0.119,0.0,0.0,0.119,-0.25,0.0,0.0,0.0,-0.3,0.0,0.0,0.0,0.0,0.0,0.0,0.0,0.0,0.0,0.0,0.0,0.0,0.4,0.4,0.4,0.4,0.4,0.4,0.4,0.4,0.4,0.4,0.4
score_lower_leg_length_score_01_f,female,lower_leg_length_score,0.1,0.0,0.0,0.0,0.0,0.5,0.0,1.0,0.0,0.0,0.0,0.0,0.0952,0.0952,0.0952,0.0,0.0,0.0952,0.0952,0.0952,0.05,0.05,0.0,0.0,0.0,0.0,0.0,0.0952,0.0,0.0,0.0952,-0.25,0.0,0.0,0.0,-0.24,0.0,0.0,0.0,0.0,0.0,0.0,0.0,0.0,0.0,0.0,0.0,0.0,0.4,0.4,0.4,0.4,0.4,0.4,0.4,0.4,0.4,0.4,0.4
score_lower_leg_length_score_02_f,female,lower_leg_length_score,0.2,0.0,0.0,0.0,0.0,0.5,0.0,1.0,0.0,0.0,0.0,0.0,0.0714,0.0714,0.0714,0.0,0.0,0.0714,0.0714,0.0714,0.05,0.05,0.0,0.0,0.0,0.0,0.0,0.0714,0.0,0.0,0.0714,-0.25,0.0,0.0,0.0,-0.18,0.0,0.0,0.0,0.0,0.0,0.0,0.0,0.0,0.0,0.0,0.0,0.0,0.4,0.4,0.4,0.4,0.4,0.4,0.4,0.4,0.4,0.4,0.4
score_lower_leg_length_score_03_f,female,lower_leg_length_score,0.3,0.0,0.0,0.0,0.0,0.5,0.0,1.0,0.0,0.0,0.0,0.0,0.0476,0.0476,0.0476,0.0,0.0,0.0476,0.0476,0.0476,0.05,0.05,0.0,0.0,0.0,0.0,0.0,0.0476,0.0,0.0,0.0476,-0.25,0.0,0.0,0.0,-0.12,0.0,0.0,0.0,0.0,0.0,0.0,0.0,0.0,0.0,0.0,0.0,0.0,0.4,0.4,0.4,0.4,0.4,0.4,0.4,0.4,0.4,0.4,0.4
score_lower_leg_length_score_04_f,female,lower_leg_length_score,0.4,0.0,0.0,0.0,0.0,0.5,0.0,1.0,0.0,0.0,0.0,0.0,0.0238,0.0238,0.0238,0.0,0.0,0.0238,0.0238,0.0238,0.05,0.05,0.0,0.0,0.0,0.0,0.0,0.0238,0.0,0.0,0.0238,-0.1429,0.0,0.0,0.0,-0.06,0.0,0.0,0.0,0.0,0.0,0.0,0.0,0.0,0.0,0.0,0.0,0.0,0.4,0.4,0.4,0.4,0.4,0.4,0.4,0.4,0.4,0.4,0.4
score_lower_leg_length_score_05_f,female,lower_leg_length_score,0.5,0.0,0.0,0.0,0.0,0.5,0.0,1.0,0.0,0.0,0.0,0.0,0.0,0.0,0.0,0.0,0.0,0.0,0.0,0.0,0.05,0.05,0.0,0.0,0.0,0.0,0.0,0.0,0.0,0.0,0.0,0.0,0.0,0.0,0.0,0.0,0.0,0.0,0.0,0.0,0.0,0.0,0.0,0.0,0.0,0.0,0.0,0.0,0.4,0.4,0.4,0.4,0.4,0.4,0.4,0.4,0.4,0.4,0.4
score_lower_leg_length_score_06_f,female,lower_leg_length_score,0.6,0.0,0.0,0.0,0.0,0.5,0.0,1.0,0.0,0.0,0.0,0.0,-0.0238,-0.0238,-0.0238,0.0,0.0,-0.0238,-0.0238,-0.0238,0.05,0.05,0.0,0.0,0.0,0.0,0.0,0.0,0.0,0.0,-0.0238,0.1429,0.0,0.0,0.0,0.06,0.0,0.0,0.0,0.0,0.0,0.0,0.0,0.0,0.0,0.0,0.0,0.0,0.4,0.4,0.4,0.4,0.4,0.4,0.4,0.4,0.4,0.4,0.4
score_lower_leg_length_score_07_f,female,lower_leg_length_score,0.7,0.0,0.0,0.0,0.0,0.5,0.0,1.0,0.0,0.0,0.0,0.0,-0.0476,-0.0476,-0.0476,0.0,0.0,-0.0476,-0.0476,-0.0476,0.05,0.05,0.0,0.0,0.0,0.0,0.0,0.0,0.0,0.0,-0.0476,0.25,0.0,0.0,0.0,0.12,0.0,0.0,0.0,0.0,0.0,0.0,0.0,0.0,0.0,0.0,0.0,0.0,0.4,0.4,0.4,0.4,0.4,0.4,0.4,0.4,0.4,0.4,0.4
score_lower_leg_length_score_08_f,female,lower_leg_length_score,0.8,0.0,0.0,0.0,0.0,0.5,0.0,1.0,0.0,0.0,0.0,0.0,-0.0714,-0.0714,-0.0714,0.0,0.0,-0.0714,-0.0714,-0.0714,0.05,0.05,0.0,0.0,0.0,0.0,0.0,0.0,0.0,0.0,-0.0714,0.25,0.0,0.0,0.0,0.18,0.0,0.0,0.0,0.0,0.0,0.0,0.0,0.0,0.0,0.0,0.0,0.0,0.4,0.4,0.4,0.4,0.4,0.4,0.4,0.4,0.4,0.4,0.4
score_lower_leg_length_score_09_f,female,lower_leg_length_score,0.9,0.0,0.0,0.0,0.0,0.5,0.0,1.0,0.0,0.0,0.0,0.0,-0.0952,-0.0952,-0.0952,0.0,0.0,-0.0952,-0.0952,-0.0952,0.05,0.05,0.0,0.0,0.0,0.0,0.0,0.0,0.0,0.0,-0.0952,0.25,0.0,0.0,0.0,0.24,0.0,0.0,0.0,0.0,0.0,0.0,0.0,0.0,0.0,0.0,0.0,0.0,0.4,0.4,0.4,0.4,0.4,0.4,0.4,0.4,0.4,0.4,0.4
score_lower_leg_length_score_10_f,female,lower_leg_length_score,1.0,0.0,0.0,0.0,0.0,0.5,0.0,1.0,0.0,0.0,0.0,0.0,-0.119,-0.119,-0.119,0.0,0.0,-0.119,-0.119,-0.119,0.05,0.05,0.0,0.0,0.0,0.0,0.0,0.0,0.0,0.0,-0.119,0.25,0.0,0.0,0.0,0.3,0.0,0.0,0.0,0.0,0.0,0.0,0.0,0.0,0.0,0.0,0.0,0.0,0.4,0.4,0.4,0.4,0.4,0.4,0.4,0.4,0.4,0.4,0.4
score_upper_arm_length_score_00_f,female,upper_arm_length_score,0.0,0.0,0.0,0.0,0.0,0.5,0.0,1.0,0.0,0.0,0.0,0.0,-0.25,-0.25,0.119,-0.3,0.0,0.119,0.119,0.119,0.05,0.05,0.0,0.0,0.0,0.0,0.0,0.119,0.0,0.0,0.119,0.119,0.0,0.0,0.0,0.0,0.0,0.0,0.0,0.0,0.0,0.0,0.0,0.0,0.0,0.0,0.0,0.0,0.4,0.4,0.4,0.4,0.4,0.4,0.4,0.4,0.4,0.4,0.4
score_upper_arm_length_score_01_f,female,upper_arm_length_score,0.1,0.0,0.0,0.0,0.0,0.5,0.0,1.0,0.0,0.0,0.0,0.0,-0.25,-0.25,0.0952,-0.24,0.0,0.0952,0.0952,0.0952,0.05,0.05,0.0,0.0,0.0,0.0,0.0,0.0952,0.0,0.0,0.0952,0.0952,0.0,0.0,0.0,0.0,0.0,0.0,0.0,0.0,0.0,0.0,0.0,0.0,0.0,0.0,0.0,0.0,0.4,0.4,0.4,0.4,0.4,0.4,0.4,0.4,0.4,0.4,0.4
score_upper_arm_length_score_02_f,female,upper_arm_length_score,0.2,0.0,0.0,0.0,0.0,0.5,0.0,1.0,0.0,0.0,0.0,0.0,-0.25,-0.25,0.0714,-0.18,0.0,0.0714,0.0714,0.0714,0.05,0.05,0.0,0.0,0.0,0.0,0.0,0.0714,0.0,0.0,0.0714,0.0714,0.0,0.0,0.0,0.0,0.0,0.0,0.0,0.0,0.0,0.0,0.0,0.0,0.0,0.0,0.0,0.0,0.4,0.4,0.4,0.4,0.4,0.4,0.4,0.4,0.4,0.4,0.4
score_upper_arm_length_score_03_f,female,upper_arm_length_score,0.3,0.0,0.0,0.0,0.0,0.5,0.0,1.0,0.0,0.0,0.0,0.0,-0.25,-0.25,0.0476,-0.12,0.0,0.0476,0.0476,0.0476,0.05,0.05,0.0,0.0,0.0,0.0,0.0,0.0476,0.0,0.0,0.0476,0.0476,0.0,0.0,0.0,0.0,0.0,0.0,0.0,0.0,0.0,0.0,0.0,0.0,0.0,0.0,0.0,0.0,0.4,0.4,0.4,0.4,0.4,0.4,0.4,0.4,0.4,0.4,0.4
score_upper_arm_length_score_04_f,female,upper_arm_length_score,0.4,0.0,0.0,0.0,0.0,0.5,0.0,1.0,0.0,0.0,0.0,0.0,-0.1429,-0.1429,0.0238,-0.06,0.0,0.0238,0.0238,0.0238,0.05,0.05,0.0,0.0,0.0,0.0,0.0,0.0238,0.0,0.0,0.0238,0.0238,0.0,0.0,0.0,0.0,0.0,0.0,0.0,0.0,0.0,0.0,0.0,0.0,0.0,0.0,0.0,0.0,0.4,0.4,0.4,0.4,0.4,0.4,0.4,0.4,0.4,0.4,0.4
score_upper_arm_length_score_05_f,female,upper_arm_length_score,0.5,0.0,0.0,0.0,0.0,0.5,0.0,1.0,0.0,0.0,0.0,0.0,0.0,0.0,0.0,0.0,0.0,0.0,0.0,0.0,0.05,0.05,0.0,0.0,0.0,0.0,0.0,0.0,0.0,0.0,0.0,0.0,0.0,0.0,0.0,0.0,0.0,0.0,0.0,0.0,0.0,0.0,0.0,0.0,0.0,0.0,0.0,0.0,0.4,0.4,0.4,0.4,0.4,0.4,0.4,0.4,0.4,0.4,0.4
score_upper_arm_length_score_06_f,female,upper_arm_length_score,0.6,0.0,0.0,0.0,0.0,0.5,0.0,1.0,0.0,0.0,0.0,0.0,0.1429,0.1429,-0.0238,0.06,0.0,-0.0238,-0.0238,-0.0238,0.05,0.05,0.0,0.0,0.0,0.0,0.0,0.0,0.0,0.0,-0.0238,-0.0238,0.0,0.0,0.0,0.0,0.0,0.0,0.0,0.0,0.0,0.0,0.0,0.0,0.0,0.0,0.0,0.0,0.4,0.4,0.4,0.4,0.4,0.4,0.4,0.4,0.4,0.4,0.4
score_upper_arm_length_score_07_f,female,upper_arm_length_score,0.7,0.0,0.0,0.0,0.0,0.5,0.0,1.0,0.0,0.0,0.0,0.0,0.25,0.25,-0.0476,0.12,0.0,-0.0476,-0.0476,-0.0476,0.05,0.05,0.0,0.0,0.0,0.0,0.0,0.0,0.0,0.0,-0.0476,-0.0476,0.0,0.0,0.0,0.0,0.0,0.0,0.0,0.0,0.0,0.0,0.0,0.0,0.0,0.0,0.0,0.0,0.4,0.4,0.4,0.4,0.4,0.4,0.4,0.4,0.4,0.4,0.4
score_upper_arm_length_score_08_f,female,upper_arm_length_score,0.8,0.0,0.0,0.0,0.0,0.5,0.0,1.0,0.0,0.0,0.0,0.0,0.25,0.25,-0.0714,0.18,0.0,-0.0714,-0.0714,-0.0714,0.05,0.05,0.0,0.0,0.0,0.0,0.0,0.0,0.0,0.0,-0.0714,-0.0714,0.0,0.0,0.0,0.0,0.0,0.0,0.0,0.0,0.0,0.0,0.0,0.0,0.0,0.0,0.0,0.0,0.4,0.4,0.4,0.4,0.4,0.4,0.4,0.4,0.4,0.4,0.4
score_upper_arm_length_score_09_f,female,upper_arm_length_score,0.9,0.0,0.0,0.0,0.0,0.5,0.0,1.0,0.0,0.0,0.0,0.0,0.25,0.25,-0.0952,0.24,0.0,-0.0952,-0.0952,-0.0952,0.05,0.05,0.0,0.0,0.0,0.0,0.0,0.0,0.0,0.0,-0.0952,-0.0952,0.0,0.0,0.0,0.0,0.0,0.0,0.0,0.0,0.0,0.0,0.0,0.0,0.0,0.0,0.0,0.0,0.4,0.4,0.4,0.4,0.4,0.4,0.4,0.4,0.4,0.4,0.4
score_upper_arm_length_score_10_f,female,upper_arm_length_score,1.0,0.0,0.0,0.0,0.0,0.5,0.0,1.0,0.0,0.0,0.0,0.0,0.25,0.25,-0.119,0.3,0.0,-0.119,-0.119,-0.119,0.05,0.05,0.0,0.0,0.0,0.0,0.0,0.0,0.0,0.0,-0.119,-0.119,0.0,0.0,0.0,0.0,0.0,0.0,0.0,0.0,0.0,0.0,0.0,0.0,0.0,0.0,0.0,0.0,0.4,0.4,0.4,0.4,0.4,0.4,0.4,0.4,0.4,0.4,0.4
score_forearm_length_score_00_f,female,forearm_length_score,0.0,0.0,0.0,0.0,0.0,0.5,0.0,1.0,0.0,0.0,0.0,0.0,0.119,0.119,-0.25,0.0,-0.3,0.119,0.119,0.119,0.05,0.05,0.0,0.0,0.0,0.0,0.0,0.119,0.0,0.0,0.119,0.119,0.0,0.0,0.0,0.0,0.0,0.0,0.0,0.0,0.0,0.0,0.0,0.0,0.0,0.0,0.0,0.0,0.4,0.4,0.4,0.4,0.4,0.4,0.4,0.4,0.4,0.4,0.4
score_forearm_length_score_01_f,female,forearm_length_score,0.1,0.0,0.0,0.0,0.0,0.5,0.0,1.0,0.0,0.0,0.0,0.0,0.0952,0.0952,-0.25,0.0,-0.24,0.0952,0.0952,0.0952,0.05,0.05,0.0,0.0,0.0,0.0,0.0,0.0952,0.0,0.0,0.0952,0.0952,0.0,0.0,0.0,0.0,0.0,0.0,0.0,0.0,0.0,0.0,0.0,0.0,0.0,0.0,0.0,0.0,0.4,0.4,0.4,0.4,0.4,0.4,0.4,0.4,0.4,0.4,0.4
score_forearm_length_score_02_f,female,forearm_length_score,0.2,0.0,0.0,0.0,0.0,0.5,0.0,1.0,0.0,0.0,0.0,0.0,0.0714,0.0714,-0.25,0.0,-0.18,0.0714,0.0714,0.0714,0.05,0.05,0.0,0.0,0.0,0.0,0.0,0.0714,0.0,0.0,0.0714,0.0714,0.0,0.0,0.0,0.0,0.0,0.0,0.0,0.0,0.0,0.0,0.0,0.0,0.0,0.0,0.0,0.0,0.4,0.4,0.4,0.4,0.4,0.4,0.4,0.4,0.4,0.4,0.4
score_forearm_length_score_03_f,female,forearm_length_score,0.3,0.0,0.0,0.0,0.0,0.5,0.0,1.0,0.0,0.0,0.0,0.0,0.0476,0.0476,-0.25,0.0,-0.12,0.0476,0.0476,0.0476,0.05,0.05,0.0,0.0,0.0,0.0,0.0,0.0476,0.0,0.0,0.0476,0.0476,0.0,0.0,0.0,0.0,0.0,0.0,0.0,0.0,0.0,0.0,0.0,0.0,0.0,0.0,0.0,0.0,0.4,0.4,0.4,0.4,0.4,0.4,0.4,0.4,0.4,0.4,0.4
score_forearm_length_score_04_f,female,forearm_length_score,0.4,0.0,0.0,0.0,0.0,0.5,0.0,1.0,0.0,0.0,0.0,0.0,0.0238,0.0238,-0.1429,0.0,-0.06,0.0238,0.0238,0.0238,0.05,0.05,0.0,0.0,0.0,0.0,0.0,0.0238,0.0,0.0,0.0238,0.0238,0.0,0.0,0.0,0.0,0.0,0.0,0.0,0.0,0.0,0.0,0.0,0.0,0.0,0.0,0.0,0.0,0.4,0.4,0.4,0.4,0.4,0.4,0.4,0.4,0.4,0.4,0.4
score_forearm_length_score_05_f,female,forearm_length_score,0.5,0.0,0.0,0.0,0.0,0.5,0.0,1.0,0.0,0.0,0.0,0.0,0.0,0.0,0.0,0.0,0.0,0.0,0.0,0.0,0.05,0.05,0.0,0.0,0.0,0.0,0.0,0.0,0.0,0.0,0.0,0.0,0.0,0.0,0.0,0.0,0.0,0.0,0.0,0.0,0.0,0.0,0.0,0.0,0.0,0.0,0.0,0.0,0.4,0.4,0.4,0.4,0.4,0.4,0.4,0.4,0.4,0.4,0.4
score_forearm_length_score_06_f,female,forearm_length_score,0.6,0.0,0.0,0.0,0.0,0.5,0.0,1.0,0.0,0.0,0.0,0.0,-0.0238,-0.0238,0.1429,0.0,0.06,-0.0238,-0.0238,-0.0238,0.05,0.05,0.0,0.0,0.0,0.0,0.0,0.0,0.0,0.0,-0.0238,-0.0238,0.0,0.0,0.0,0.0,0.0,0.0,0.0,0.0,0.0,0.0,0.0,0.0,0.0,0.0,0.0,0.0,0.4,0.4,0.4,0.4,0.4,0.4,0.4,0.4,0.4,0.4,0.4
score_forearm_length_score_07_f,female,forearm_length_score,0.7,0.0,0.0,0.0,0.0,0.5,0.0,1.0,0.0,0.0,0.0,0.0,-0.0476,-0.0476,0.25,0.0,0.12,-0.0476,-0.0476,-0.0476,0.05,0.05,0.0,0.0,0.0,0.0,0.0,0.0,0.0,0.0,-0.0476,-0.0476,0.0,0.0,0.0,0.0,0.0,0.0,0.0,0.0,0.0,0.0,0.0,0.0,0.0,0.0,0.0,0.0,0.4,0.4,0.4,0.4,0.4,0.4,0.4,0.4,0.4,0.4,0.4
score_forearm_length_score_08_f,female,forearm_length_score,0.8,0.0,0.0,0.0,0.0,0.5,0.0,1.0,0.0,0.0,0.0,0.0,-0.0714,-0.0714,0.25,0.0,0.18,-0.0714,-0.0714,-0.0714,0.05,0.05,0.0,0.0,0.0,0.0,0.0,0.0,0.0,0.0,-0.0714,-0.0714,0.0,0.0,0.0,0.0,0.0,0.0,0.0,0.0,0.0,0.0,0.0,0.0,0.0,0.0,0.0,0.0,0.4,0.4,0.4,0.4,0.4,0.4,0.4,0.4,0.4,0.4,0.4
score_forearm_length_score_09_f,female,forearm_length_score,0.9,0.0,0.0,0.0,0.0,0.5,0.0,1.0,0.0,0.0,0.0,0.0,-0.0952,-0.0952,0.25,0.0,0.24,-0.0952,-0.0952,-0.0952,0.05,0.05,0.0,0.0,0.0,0.0,0.0,0.0,0.0,0.0,-0.0952,-0.0952,0.0,0.0,0.0,0.0,0.0,0.0,0.0,0.0,0.0,0.0,0.0,0.0,0.0,0.0,0.0,0.0,0.4,0.4,0.4,0.4,0.4,0.4,0.4,0.4,0.4,0.4,0.4
score_forearm_length_score_10_f,female,forearm_length_score,1.0,0.0,0.0,0.0,0.0,0.5,0.0,1.0,0.0,0.0,0.0,0.0,-0.119,-0.119,0.25,0.0,0.3,-0.119,-0.119,-0.119,0.05,0.05,0.0,0.0,0.0,0.0,0.0,0.0,0.0,0.0,-0.119,-0.119,0.0,0.0,0.0,0.0,0.0,0.0,0.0,0.0,0.0,0.0,0.0,0.0,0.0,0.0,0.0,0.0,0.4,0.4,0.4,0.4,0.4,0.4,0.4,0.4,0.4,0.4,0.4
score_neck_length_score_00_f,female,neck_length_score,0.0,0.0,0.0,0.0,0.0,0.5,0.0,1.0,0.0,0.0,0.0,0.0,0.119,0.119,0.119,0.0,0.0,0.119,0.119,0.119,0.05,0.05,0.0,0.0,0.0,0.0,0.0,0.119,0.0,0.0,0.119,0.119,0.0,0.0,0.0,0.0,0.0,0.0,0.0,0.0,0.0,0.0,0.0,0.0,0.0,0.0,0.0,0.0,0.4,0.4,0.4,0.4,0.4,0.4,0.4,0.4,0.4,0.4,0.4
score_neck_length_score_01_f,female,neck_length_score,0.1,0.0,0.0,0.0,0.0,0.5,0.0,1.0,0.0,0.0,0.0,0.0,0.0952,0.0952,0.0952,0.0,0.0,0.0952,0.0952,0.0952,0.05,0.05,0.0,0.0,0.0,0.0,0.0,0.0952,0.0,0.0,0.0952,0.0952,0.0,0.0,0.0,0.0,0.0,0.0,0.0,0.0,0.0,0.0,0.0,0.0,0.0,0.0,0.0,0.0,0.4,0.4,0.4,0.4,0.4,0.4,0.4,0.4,0.4,0.4,0.4
score_neck_length_score_02_f,female,neck_length_score,0.2,0.0,0.0,0.0,0.0,0.5,0.0,1.0,0.0,0.0,0.0,0.0,0.0714,0.0714,0.0714,0.0,0.0,0.0714,0.0714,0.0714,0.05,0.05,0.0,0.0,0.0,0.0,0.0,0.0714,0.0,0.0,0.0714,0.0714,0.0,0.0,0.0,0.0,0.0,0.0,0.0,0.0,0.0,0.0,0.0,0.0,0.0,0.0,0.0,0.0,0.4,0.4,0.4,0.4,0.4,0.4,0.4,0.4,0.4,0.4,0.4
score_neck_length_score_03_f,female,neck_length_score,0.3,0.0,0.0,0.0,0.0,0.5,0.0,1.0,0.0,0.0,0.0,0.0,0.0476,0.0476,0.0476,0.0,0.0,0.0476,0.0476,0.0476,0.05,0.05,0.0,0.0,0.0,0.0,0.0,0.0476,0.0,0.0,0.0476,0.0476,0.0,0.0,0.0,0.0,0.0,0.0,0.0,0.0,0.0,0.0,0.0,0.0,0.0,0.0,0.0,0.0,0.4,0.4,0.4,0.4,0.4,0.4,0.4,0.4,0.4,0.4,0.4
score_neck_length_score_04_f,female,neck_length_score,0.4,0.0,0.0,0.0,0.0,0.5,0.0,1.0,0.0,0.0,0.0,0.0,0.0238,0.0238,0.0238,0.0,0.0,0.0238,0.0238,0.0238,0.05,0.05,0.0,0.0,0.0,0.0,0.0,0.0238,0.0,0.0,0.0238,0.0238,0.0,0.0,0.0,0.0,0.0,0.0,0.0,0.0,0.0,0.0,0.0,0.0,0.0,0.0,0.0,0.0,0.4,0.4,0.4,0.4,0.4,0.4,0.4,0.4,0.4,0.4,0.4
score_neck_length_score_05_f,female,neck_length_score,0.5,0.0,0.0,0.0,0.0,0.5,0.0,1.0,0.0,0.0,0.0,0.0,0.0,0.0,0.0,0.0,0.0,0.0,0.0,0.0,0.05,0.05,0.0,0.0,0.0,0.0,0.0,0.0,0.0,0.0,0.0,0.0,0.0,0.0,0.0,0.0,0.0,0.0,0.0,0.0,0.0,0.0,0.0,0.0,0.0,0.0,0.0,0.0,0.4,0.4,0.4,0.4,0.4,0.4,0.4,0.4,0.4,0.4,0.4
score_neck_length_score_06_f,female,neck_length_score,0.6,0.0,0.0,0.0,0.0,0.5,0.0,1.0,0.0,0.0,0.0,0.06,-0.0238,-0.0238,-0.0238,0.0,0.0,-0.0238,-0.0238,-0.0238,0.05,0.05,0.0,0.0,0.0,0.0,0.0,0.0,0.0,0.0,-0.0238,-0.0238,0.0,0.0,0.0,0.0,0.0,0.0,0.0,0.0,0.0,0.0,0.0,0.0,0.0,0.0,0.0,0.0,0.4,0.4,0.4,0.4,0.4,0.4,0.4,0.4,0.4,0.4,0.4
score_neck_length_score_07_f,female,neck_length_score,0.7,0.0,0.0,0.0,0.0,0.5,0.0,1.0,0.0,0.0,0.0,0.12,-0.0476,-0.0476,-0.0476,0.0,0.0,-0.0476,-0.0476,-0.0476,0.05,0.05,0.0,0.0,0.0,0.0,0.0,0.0,0.0,0.0,-0.0476,-0.0476,0.0,0.0,0.0,0.0,0.0,0.0,0.0,0.0,0.0,0.0,0.0,0.0,0.0,0.0,0.0,0.0,0.4,0.4,0.4,0.4,0.4,0.4,0.4,0.4,0.4,0.4,0.4
score_neck_length_score_08_f,female,neck_length_score,0.8,0.0,0.0,0.0,0.0,0.5,0.0,1.0,0.0,0.0,0.0,0.18,-0.0714,-0.0714,-0.0714,0.0,0.0,-0.0714,-0.0714,-0.0714,0.05,0.05,0.0,0.0,0.0,0.0,0.0,0.0,0.0,0.0,-0.0714,-0.0714,0.0,0.0,0.0,0.0,0.0,0.0,0.0,0.0,0.0,0.0,0.0,0.0,0.0,0.0,0.0,0.0,0.4,0.4,0.4,0.4,0.4,0.4,0.4,0.4,0.4,0.4,0.4
score_neck_length_score_09_f,female,neck_length_score,0.9,0.0,0.0,0.0,0.0,0.5,0.0,1.0,0.0,0.0,0.0,0.24,-0.0952,-0.0952,-0.0952,0.0,0.0,-0.0952,-0.0952,-0.0952,0.05,0.05,0.0,0.0,0.0,0.0,0.0,0.0,0.0,0.0,-0.0952,-0.0952,0.0,0.0,0.0,0.0,0.0,0.0,0.0,0.0,0.0,0.0,0.0,0.0,0.0,0.0,0.0,0.0,0.4,0.4,0.4,0.4,0.4,0.4,0.4,0.4,0.4,0.4,0.4
score_neck_length_score_10_f,female,neck_length_score,1.0,0.0,0.0,0.0,0.0,0.5,0.0,1.0,0.0,0.0,0.0,0.3,-0.119,-0.119,-0.119,0.0,0.0,-0.119,-0.119,-0.119,0.05,0.05,0.0,0.0,0.0,0.0,0.0,0.0,0.0,0.0,-0.119,-0.119,0.0,0.0,0.0,0.0,0.0,0.0,0.0,0.0,0.0,0.0,0.0,0.0,0.0,0.0,0.0,0.0,0.4,0.4,0.4,0.4,0.4,0.4,0.4,0.4,0.4,0.4,0.4
score_hip_score_00_f,female,hip_score,0.0,0.0,0.0,0.0,0.0,0.5,0.0,1.0,0.0,0.0,0.0,0.0,0.0,0.0,0.0,0.0,0.0,0.0,0.0,0.0,0.05,0.05,0.0,0.0,0.0,0.0,0.0,0.0,0.0,0.0,0.0,0.0,0.0,0.0,0.0,0.0,0.0,0.0,0.0,0.0,0.0,0.0,0.0,0.0,0.0,0.0,0.0,0.0,0.4,0.4,0.4,0.4,0.4,0.4,0.4,0.4,0.4,0.4,0.4
score_hip_score_01_f,female,hip_score,0.1,0.0,0.0,0.1,0.0,0.5,0.0,1.0,0.0,0.0,0.0,0.0,0.0,0.0,0.0,0.0,0.0,0.0,0.0,0.0,0.05,0.05,0.0,0.0,0.0,0.0,0.0,0.0,0.05,0.03,0.0,0.0,0.0,0.0,0.0,0.0,0.0,0.0,0.0,0.0,0.0,0.0,0.0,0.0,0.0,0.0,0.0,0.0,0.4,0.4,0.4,0.4,0.4,0.4,0.4,0.4,0.4,0.4,0.4
score_hip_score_02_f,female,hip_score,0.2,0.0,0.0,0.2,0.0,0.5,0.0,1.0,0.0,0.0,0.0,0.0,0.0,0.0,0.0,0.0,0.0,0.0,0.0,0.0,0.05,0.05,0.0,0.0,0.0,0.0,0.0,0.0,0.1,0.06,0.0,0.0,0.0,0.0,0.0,0.0,0.0,0.0,0.0,0.0,0.0,0.0,0.0,0.0,0.0,0.0,0.0,0.0,0.4,0.4,0.4,0.4,0.4,0.4,0.4,0.4,0.4,0.4,0.4
score_hip_score_03_f,female,hip_score,0.3,0.0,0.0,0.3,0.0,0.5,0.0,1.0,0.0,0.0,0.0,0.0,0.0,0.0,0.0,0.0,0.0,0.0,0.0,0.0,0.05,0.05,0.0,0.0,0.0,0.0,0.0,0.0,0.15,0.09,0.0,0.0,0.0,0.0,0.0,0.0,0.0,0.0,0.0,0.0,0.0,0.0,0.0,0.0,0.0,0.0,0.0,0.0,0.4,0.4,0.4,0.4,0.4,0.4,0.4,0.4,0.4,0.4,0.4
score_hip_score_04_f,female,hip_score,0.4,0.0,0.0,0.4,0.0,0.5,0.0,1.0,0.0,0.0,0.0,0.0,0.0,0.0,0.0,0.0,0.0,0.0,0.0,0.0,0.05,0.05,0.0,0.0,0.0,0.0,0.0,0.0,0.2,0.12,0.0,0.0,0.0,0.0,0.0,0.0,0.0,0.0,0.0,0.0,0.0,0.0,0.0,0.0,0.0,0.0,0.0,0.0,0.4,0.4,0.4,0.4,0.4,0.4,0.4,0.4,0.4,0.4,0.4
score_hip_score_05_f,female,hip_score,0.5,0.0,0.0,0.5,0.0,0.5,0.0,1.0,0.0,0.0,0.0,0.0,0.0,0.0,0.0,0.0,0.0,0.0,0.0,0.0,0.05,0.05,0.0,0.0,0.0,0.0,0.0,0.0,0.25,0.15,0.0,0.0,0.0,0.0,0.0,0.0,0.0,0.0,0.0,0.0,0.0,0.0,0.0,0.0,0.0,0.0,0.0,0.0,0.4,0.4,0.4,0.4,0.4,0.4,0.4,0.4,0.4,0.4,0.4
score_hip_score_06_f,female,hip_score,0.6,0.0,0.0,0.6,0.0,0.5,0.0,1.0,0.0,0.0,0.0,0.0,0.0,0.0,0.0,0.0,0.0,0.0,0.0,0.0,0.05,0.05,0.0,0.0,0.0,0.0,0.0,0.0,0.3,0.18,0.0,0.0,0.0,0.0,0.0,0.0,0.0,0.0,0.0,0.0,0.0,0.0,0.0,0.0,0.0,0.0,0.0,0.0,0.4,0.4,0.4,0.4,0.4,0.4,0.4,0.4,0.4,0.4,0.4
score_hip_score_07_f,female,hip_score,0.7,0.0,0.0,0.7,0.0,0.5,0.0,1.0,0.0,0.0,0.0,0.0,0.0,0.0,0.0,0.0,0.0,0.0,0.0,0.0,0.05,0.05,0.0,0.0,0.0,0.0,0.0,0.0,0.35,0.21,0.0,0.0,0.0,0.0,0.0,0.0,0.0,0.0,0.0,0.0,0.0,0.0,0.0,0.0,0.0,0.0,0.0,0.0,0.4,0.4,0.4,0.4,0.4,0.4,0.4,0.4,0.4,0.4,0.4
score_hip_score_08_f,female,hip_score,0.8,0.0,0.0,0.8,0.0,0.5,0.0,1.0,0.0,0.0,0.0,0.0,0.0,0.0,0.0,0.0,0.0,0.0,0.0,0.0,0.05,0.05,0.0,0.0,0.0,0.0,0.0,0.0,0.4,0.24,0.0,0.0,0.0,0.0,0.0,0.0,0.0,0.0,0.0,0.0,0.0,0.0,0.0,0.0,0.0,0.0,0.0,0.0,0.4,0.4,0.4,0.4,0.4,0.4,0.4,0.4,0.4,0.4,0.4
score_hip_score_09_f,female,hip_score,0.9,0.0,0.0,0.9,0.0,0.5,0.0,1.0,0.0,0.0,0.0,0.0,0.0,0.0,0.0,0.0,0.0,0.0,0.0,0.0,0.05,0.05,0.0,0.0,0.0,0.0,0.0,0.0,0.45,0.27,0.0,0.0,0.0,0.0,0.0,0.0,0.0,0.0,0.0,0.0,0.0,0.0,0.0,0.0,0.0,0.0,0.0,0.0,0.4,0.4,0.4,0.4,0.4,0.4,0.4,0.4,0.4,0.4,0.4
score_hip_score_10_f,female,hip_score,1.0,0.0,0.0,1.0,0.0,0.5,0.0,1.0,0.0,0.0,0.0,0.0,0.0,0.0,0.0,0.0,0.0,0.0,0.0,0.0,0.05,0.05,0.0,0.0,0.0,0.0,0.0,0.0,0.5,0.3,0.0,0.0,0.0,0.0,0.0,0.0,0.0,0.0,0.0,0.0,0.0,0.0,0.0,0.0,0.0,0.0,0.0,0.0,0.4,0.4,0.4,0.4,0.4,0.4,0.4,0.4,0.4,0.4,0.4
score_waist_def_score_00_f,female,waist_def_score,0.0,0.0,0.0,0.0,0.0,0.5,0.0,1.0,0.0,0.0,0.0,0.0,0.0,0.0,0.0,0.0,0.0,0.0,0.0,0.0,0.05,0.05,0.0,0.0,0.0,0.0,0.0,0.0,0.0,0.0,0.0,0.0,0.0,0.0,0.0,0.0,0.0,0.0,0.0,0.0,0.0,0.0,0.0,0.0,0.0,0.0,0.0,0.0,0.4,0.4,0.4,0.4,0.4,0.4,0.4,0.4,0.4,0.4,0.4
score_waist_def_score_01_f,female,waist_def_score,0.1,0.0,0.0,0.0,0.1,0.5,0.0,1.0,0.0,0.0,0.0,0.0,0.0,0.0,0.0,0.0,0.0,0.0,0.0,0.0,0.05,0.05,0.0,0.0,-0.04,0.0,0.0,0.0,0.0,0.0,0.0,0.0,0.0,0.0,0.0,0.0,0.0,0.0,0.0,0.0,0.0,0.0,0.0,0.0,0.0,0.0,0.0,0.0,0.4,0.4,0.4,0.4,0.4,0.4,0.4,0.4,0.4,0.4,0.4
score_waist_def_score_02_f,female,waist_def_score,0.2,0.0,0.0,0.0,0.2,0.5,0.0,1.0,0.0,0.0,0.0,0.0,0.0,0.0,0.0,0.0,0.0,0.0,0.0,0.0,0.05,0.05,0.0,0.0,-0.08,0.0,0.0,0.0,0.0,0.0,0.0,0.0,0.0,0.0,0.0,0.0,0.0,0.0,0.0,0.0,0.0,0.0,0.0,0.0,0.0,0.0,0.0,0.0,0.4,0.4,0.4,0.4,0.4,0.4,0.4,0.4,0.4,0.4,0.4
score_waist_def_score_03_f,female,waist_def_score,0.3,0.0,0.0,0.0,0.3,0.5,0.0,1.0,0.0,0.0,0.0,0.0,0.0,0.0,0.0,0.0,0.0,0.0,0.0,0.0,0.05,0.05,0.0,0.0,-0.12,0.0,0.0,0.0,0.0,0.0,0.0,0.0,0.0,0.0,0.0,0.0,0.0,0.0,0.0,0.0,0.0,0.0,0.0,0.0,0.0,0.0,0.0,0.0,0.4,0.4,0.4,0.4,0.4,0.4,0.4,0.4,0.4,0.4,0.4
score_waist_def_score_04_f,female,waist_def_score,0.4,0.0,0.0,0.0,0.4,0.5,0.0,1.0,0.0,0.0,0.0,0.0,0.0,0.0,0.0,0.0,0.0,0.0,0.0,0.0,0.05,0.05,0.0,0.0,-0.16,0.0,0.0,0.0,0.0,0.0,0.0,0.0,0.0,0.0,0.0,0.0,0.0,0.0,0.0,0.0,0.0,0.0,0.0,0.0,0.0,0.0,0.0,0.0,0.4,0.4,0.4,0.4,0.4,0.4,0.4,0.4,0.4,0.4,0.4
score_waist_def_score_05_f,female,waist_def_score,0.5,0.0,0.0,0.0,0.5,0.5,0.0,1.0,0.0,0.0,0.0,0.0,0.0,0.0,0.0,0.0,0.0,0.0,0.0,0.0,0.05,0.05,0.0,0.0,-0.2,0.0,0.0,0.0,0.0,0.0,0.0,0.0,0.0,0.0,0.0,0.0,0.0,0.0,0.0,0.0,0.0,0.0,0.0,0.0,0.0,0.0,0.0,0.0,0.4,0.4,0.4,0.4,0.4,0.4,0.4,0.4,0.4,0.4,0.4
score_waist_def_score_06_f,female,waist_def_score,0.6,0.0,0.0,0.0,0.6,0.5,0.0,1.0,0.0,0.0,0.0,0.0,0.0,0.0,0.0,0.0,0.0,0.0,0.0,0.0,0.05,0.05,0.0,0.0,-0.24,0.0,0.0,0.0,0.0,0.0,0.0,0.0,0.0,0.0,0.0,0.0,0.0,0.0,0.0,0.0,0.0,0.0,0.0,0.0,0.0,0.0,0.0,0.0,0.4,0.4,0.4,0.4,0.4,0.4,0.4,0.4,0.4,0.4,0.4
score_waist_def_score_07_f,female,waist_def_score,0.7,0.0,0.0,0.0,0.7,0.5,0.0,1.0,0.0,0.0,0.0,0.0,0.0,0.0,0.0,0.0,0.0,0.0,0.0,0.0,0.05,0.05,0.0,0.0,-0.28,0.0,0.0,0.0,0.0,0.0,0.0,0.0,0.0,0.0,0.0,0.0,0.0,0.0,0.0,0.0,0.0,0.0,0.0,0.0,0.0,0.0,0.0,0.0,0.4,0.4,0.4,0.4,0.4,0.4,0.4,0.4,0.4,0.4,0.4
score_waist_def_score_08_f,female,waist_def_score,0.8,0.0,0.0,0.0,0.8,0.5,0.0,1.0,0.0,0.0,0.0,0.0,0.0,0.0,0.0,0.0,0.0,0.0,0.0,0.0,0.05,0.05,0.0,0.0,-0.32,0.0,0.0,0.0,0.0,0.0,0.0,0.0,0.0,0.0,0.0,0.0,0.0,0.0,0.0,0.0,0.0,0.0,0.0,0.0,0.0,0.0,0.0,0.0,0.4,0.4,0.4,0.4,0.4,0.4,0.4,0.4,0.4,0.4,0.4
score_waist_def_score_09_f,female,waist_def_score,0.9,0.0,0.0,0.0,0.9,0.5,0.0,1.0,0.0,0.0,0.0,0.0,0.0,0.0,0.0,0.0,0.0,0.0,0.0,0.0,0.05,0.05,0.0,0.0,-0.36,0.0,0.0,0.0,0.0,0.0,0.0,0.0,0.0,0.0,0.0,0.0,0.0,0.0,0.0,0.0,0.0,0.0,0.0,0.0,0.0,0.0,0.0,0.0,0.4,0.4,0.4,0.4,0.4,0.4,0.4,0.4,0.4,0.4,0.4
score_waist_def_score_10_f,female,waist_def_score,1.0,0.0,0.0,0.0,1.0,0.5,0.0,1.0,0.0,0.0,0.0,0.0,0.0,0.0,0.0,0.0,0.0,0.0,0.0,0.0,0.05,0.05,0.0,0.0,-0.4,0.0,0.0,0.0,0.0,0.0,0.0,0.0,0.0,0.0,0.0,0.0,0.0,0.0,0.0,0.0,0.0,0.0,0.0,0.0,0.0,0.0,0.0,0.0,0.4,0.4,0.4,0.4,0.4,0.4,0.4,0.4,0.4,0.4,0.4
score_baseline_m,male,baseline,0.0,,,,,,0.0,1.0,0.0,0.0,0.0,0.0,0.0,0.0,0.0,0.0,0.0,0.0,0.0,0.0,0.0,0.0,0.0,0.0,0.0,0.0,0.0,0.0,0.0,0.0,0.0,0.0,0.0,0.0,0.0,0.0,0.0,0.0,0.0,0.0,0.0,0.0,0.0,0.0,0.0,0.0,0.0,0.0,1.0,1.0,1.0,1.0,1.0,1.0,1.0,1.0,1.0,1.0,1.0
score_fat_00_m,male,fat,0.0,0.0,0.0,0.0,0.0,0.5,0.0,1.0,0.0,0.0,0.0,0.0,0.0,0.0,0.0,0.0,0.0,0.0,0.0,0.0,0.0,0.0,0.0,0.0,0.0,0.0,0.0,0.0,0.0,0.0,0.0,0.0,0.0,0.0,0.0,0.0,0.0,0.0,0.0,0.0,0.0,0.0,0.0,0.0,0.0,0.0,0.0,0.0,1.0,1.0,1.0,1.0,1.0,1.0,1.0,1.0,1.0,1.0,1.0
score_fat_01_m,male,fat,0.1,0.1,0.0,0.0,0.0,0.5,0.1,0.3333,0.0,0.0,0.0,0.0,0.0,0.0,0.0,0.0,0.0,0.0,0.0,0.0,0.0,0.0,0.0,0.0,0.09,0.1,0.0,0.0,0.035,0.04,0.0,0.0,0.0,0.0,0.0,0.0,0.0,0.0,0.0,0.0,0.0,0.0,0.0,0.0,0.0,0.0,0.0,0.0,0.3333,0.3333,0.3333,0.3333,0.3333,0.3333,0.3333,0.3333,0.3333,0.3333,0.3333
score_fat_02_m,male,fat,0.2,0.2,0.0,0.0,0.0,0.5,0.2,0.0,0.0,0.0,0.0,0.0,0.0,0.0,0.0,0.0,0.0,0.0,0.0,0.0,0.0,0.0,0.0,0.0,0.18,0.2,0.0,0.0,0.07,0.08,0.0,0.0,0.0,0.0,0.0,0.0,0.0,0.0,0.0,0.0,0.0,0.0,0.0,0.0,0.0,0.0,0.0,0.0,0.0,0.0,0.0,0.0,0.0,0.0,0.0,0.0,0.0,0.0,0.0
score_fat_03_m,male,fat,0.3,0.3,0.0,0.0,0.0,0.5,0.3,0.0,0.0,0.0,0.0,0.0,0.0,0.0,0.0,0.0,0.0,0.0,0.0,0.0,0.0,0.0,0.0,0.0,0.27,0.3,0.0,0.0,0.105,0.12,0.0,0.0,0.0,0.0,0.0,0.0,0.0,0.0,0.0,0.0,0.0,0.0,0.0,0.0,0.0,0.0,0.0,0.0,0.0,0.0,0.0,0.0,0.0,0.0,0.0,0.0,0.0,0.0,0.0
score_fat_04_m,male,fat,0.4,0.4,0.0,0.0,0.0,0.5,0.4,0.0,0.0,0.0,0.0,0.0,0.0,0.0,0.0,0.0,0.0,0.0,0.0,0.0,0.0,0.0,0.0,0.0,0.36,0.4,0.0,0.0,0.14,0.16,0.0,0.0,0.0,0.0,0.0,0.0,0.0,0.0,0.0,0.0,0.0,0.0,0.0,0.0,0.0,0.0,0.0,0.0,0.0,0.0,0.0,0.0,0.0,0.0,0.0,0.0,0.0,0.0,0.0
score_fat_05_m,male,fat,0.5,0.5,0.0,0.0,0.0,0.5,0.5,0.0,0.0,0.0,0.0,0.0,0.0,0.0,0.0,0.0,0.0,0.0,0.0,0.0,0.0,0.0,0.0,0.0,0.45,0.5,0.0,0.0,0.175,0.2,0.0,0.0,0.0,0.0,0.0,0.0,0.0,0.0,0.0,0.0,0.0,0.0,0.0,0.0,0.0,0.0,0.0,0.0,0.0,0.0,0.0,0.0,0.0,0.0,0.0,0.0,0.0,0.0,0.0
score_fat_06_m,male,fat,0.6,0.6,0.0,0.0,0.0,0.5,0.6,0.0,0.0,0.0,0.0,0.0,0.0,0.0,0.0,0.0,0.0,0.0,0.0,0.0,0.07,0.04,0.0,0.0,0.54,0.6,0.0,0.0,0.21,0.24,0.0,0.0,0.0,0.0,0.0,0.0,0.0,0.0,0.0,0.0,0.0,0.0,0.0,0.0,0.0,0.0,0.0,0.0,0.0,0.0,0.0,0.0,0.0,0.0,0.0,0.0,0.0,0.0,0.0
score_fat_07_m,male,fat,0.7,0.7,0.0,0.0,0.0,0.5,0.7,0.0,0.0,0.0,0.0,0.0,0.0,0.0,0.0,0.0,0.0,0.0,0.0,0.0,0.14,0.08,0.0,0.0,0.63,0.7,0.0,0.0,0.245,0.28,0.0,0.0,0.0,0.0,0.0,0.0,0.0,0.0,0.0,0.0,0.0,0.0,0.0,0.0,0.0,0.0,0.0,0.0,0.0,0.0,0.0,0.0,0.0,0.0,0.0,0.0,0.0,0.0,0.0
score_fat_08_m,male,fat,0.8,0.8,0.0,0.0,0.0,0.5,0.8,0.0,0.0,0.0,0.0,0.0,0.0,0.0,0.0,0.0,0.0,0.0,0.0,0.0,0.21,0.12,0.0,0.0,0.72,0.8,0.0,0.0,0.28,0.32,0.0,0.0,0.0,0.0,0.0,0.0,0.0,0.0,0.0,0.0,0.0,0.0,0.0,0.0,0.0,0.0,0.0,0.0,0.0,0.0,0.0,0.0,0.0,0.0,0.0,0.0,0.0,0.0,0.0
score_fat_09_m,male,fat,0.9,0.9,0.0,0.0,0.0,0.5,0.9,0.0,0.0,0.0,0.0,0.0,0.0,0.0,0.0,0.0,0.0,0.0,0.0,0.0,0.28,0.16,0.0,0.0,0.81,0.9,0.0,0.0,0.315,0.36,0.0,0.0,0.0,0.0,0.0,0.0,0.0,0.0,0.0,0.0,0.0,0.0,0.0,0.0,0.0,0.0,0.0,0.0,0.0,0.0,0.0,0.0,0.0,0.0,0.0,0.0,0.0,0.0,0.0
score_fat_10_m,male,fat,1.0,1.0,0.0,0.0,0.0,0.5,1.0,0.0,0.0,0.0,0.0,0.0,0.0,0.0,0.0,0.0,0.0,0.0,0.0,0.0,0.35,0.2,0.0,0.0,0.9,1.0,0.0,0.0,0.35,0.4,0.0,0.0,0.0,0.0,0.0,0.0,0.0,0.0,0.0,0.0,0.0,0.0,0.0,0.0,0.0,0.0,0.0,0.0,0.0,0.0,0.0,0.0,0.0,0.0,0.0,0.0,0.0,0.0,0.0
score_muscle_00_m,male,muscle,0.0,0.0,0.0,0.0,0.0,0.5,0.0,1.0,0.0,0.0,0.0,0.0,0.0,0.0,0.0,0.0,0.0,0.0,0.0,0.0,0.0,0.0,0.0,0.0,0.0,0.0,0.0,0.0,0.0,0.0,0.0,0.0,0.0,0.0,0.0,0.0,0.0,0.0,0.0,0.0,0.0,0.0,0.0,0.0,0.0,0.0,0.0,0.0,1.0,1.0,1.0,1.0,1.0,1.0,1.0,1.0,1.0,1.0,1.0
score_muscle_01_m,male,muscle,0.1,0.0,0.1,0.0,0.0,0.5,0.0,0.6,0.1538,0.0,0.06,0.0,0.0,0.0,0.0,0.0,0.0,0.0,0.0,0.0,0.0,0.0,0.1,0.1,0.02,0.0,0.1,0.0,0.0,0.04,0.0,0.0,0.0,0.0,0.0,0.0,0.1,0.1,0.1,0.0333,0.0333,0.0333,0.05,0.05,0.1,0.1,0.1,0.1,1.0,1.0,1.0,1.0,1.0,1.0,1.0,1.0,1.0,1.0,1.0
score_muscle_02_m,male,muscle,0.2,0.0,0.2,0.0,0.0,0.5,0.0,0.2,0.3077,0.0,0.12,0.0,0.0,0.0,0.0,0.0,0.0,0.0,0.0,0.0,0.0,0.0,0.2,0.2,0.04,0.0,0.2,0.0,0.0,0.08,0.0,0.0,0.0,0.0,0.0,0.0,0.2,0.2,0.2,0.0667,0.0667,0.0667,0.1,0.1,0.2,0.2,0.2,0.2,1.0,1.0,1.0,1.0,1.0,1.0,1.0,1.0,1.0,1.0,1.0
score_muscle_03_m,male,muscle,0.3,0.0,0.3,0.0,0.0,0.5,0.0,0.0,0.4615,0.0,0.18,0.0,0.0,0.0,0.0,0.0,0.0,0.0,0.0,0.0,0.0,0.0,0.3,0.3,0.06,0.0,0.3,0.0,0.0,0.12,0.0,0.0,0.0,0.0,0.0,0.0,0.3,0.3,0.3,0.1,0.1,0.1,0.15,0.15,0.3,0.3,0.3,0.3,1.0,1.0,1.0,1.0,1.0,1.0,1.0,1.0,1.0,1.0,1.0
score_muscle_04_m,male,muscle,0.4,0.0,0.4,0.0,0.0,0.5,0.0,0.0,0.6154,0.0,0.24,0.0,0.0,0.0,0.0,0.0,0.0,0.0,0.0,0.0,0.0,0.0,0.4,0.4,0.08,0.0,0.4,0.0,0.0,0.16,0.0,0.0,0.0,0.0,0.0,0.0,0.4,0.4,0.4,0.1333,0.1333,0.1333,0.2,0.2,0.4,0.4,0.4,0.4,1.0,1.0,1.0,1.0,1.0,1.0,1.0,1.0,1.0,1.0,1.0
score_muscle_05_m,male,muscle,0.5,0.0,0.5,0.0,0.0,0.5,0.0,0.0,0.7692,0.0,0.3,0.0,0.0,0.0,0.0,0.0,0.0,0.0,0.0,0.0,0.0,0.0,0.5,0.5,0.1,0.0,0.5,0.0,0.0,0.2,0.0,0.0,0.0,0.0,0.0,0.0,0.5,0.5,0.5,0.1667,0.1667,0.1667,0.25,0.25,0.5,0.5,0.5,0.5,1.0,1.0,1.0,1.0,1.0,1.0,1.0,1.0,1.0,1.0,1.0
score_muscle_06_m,male,muscle,0.6,0.0,0.6,0.0,0.0,0.5,0.0,0.0,0.9231,0.0,0.36,0.0,0.0,0.0,0.0,0.0,0.0,0.0,0.0,0.0,0.0,0.0,0.6,0.6,0.12,0.0,0.6,0.0,0.0,0.24,0.0,0.0,0.0,0.0,0.0,0.0,0.6,0.6,0.6,0.2,0.2,0.2,0.3,0.3,0.6,0.6,0.6,0.6,1.0,1.0,1.0,1.0,1.0,1.0,1.0,1.0,1.0,1.0,1.0
score_muscle_07_m,male,muscle,0.7,0.0,0.7,0.0,0.0,0.5,0.0,0.0,0.8571,0.1429,0.42,0.0,0.0,0.0,0.0,0.0,0.0,0.0,0.0,0.0,0.0,0.0,0.7,0.7,0.14,0.0,0.7,0.0,0.0,0.28,0.0,0.0,0.0,0.0,0.0,0.0,0.7,0.7,0.7,0.2333,0.2333,0.2333,0.35,0.35,0.7,0.7,0.7,0.7,1.0,1.0,1.0,1.0,1.0,1.0,1.0,1.0,1.0,1.0,1.0
score_muscle_08_m,male,muscle,0.8,0.0,0.8,0.0,0.0,0.5,0.0,0.0,0.5714,0.4286,0.48,0.0,0.0,0.0,0.0,0.0,0.0,0.0,0.0,0.0,0.0,0.0,0.8,0.8,0.16,0.0,0.8,0.0,0.0,0.32,0.0,0.0,0.0,0.0,0.0,0.0,0.8,0.8,0.8,0.2667,0.2667,0.2667,0.4,0.4,0.8,0.8,0.8,0.8,1.0,1.0,1.0,1.0,1.0,1.0,1.0,1.0,1.0,1.0,1.0
score_muscle_09_m,male,muscle,0.9,0.0,0.9,0.0,0.0,0.5,0.0,0.0,0.2857,0.7143,0.54,0.0,0.0,0.0,0.0,0.0,0.0,0.0,0.0,0.0,0.0,0.0,0.9,0.9,0.18,0.0,0.9,0.0,0.0,0.36,0.0,0.0,0.0,0.0,0.0,0.0,0.9,0.9,0.9,0.3,0.3,0.3,0.45,0.45,0.9,0.9,0.9,0.9,1.0,1.0,1.0,1.0,1.0,1.0,1.0,1.0,1.0,1.0,1.0
score_muscle_10_m,male,muscle,1.0,0.0,1.0,0.0,0.0,0.5,0.0,0.0,0.0,1.0,0.6,0.0,0.0,0.0,0.0,0.0,0.0,0.0,0.0,0.0,0.0,0.0,1.0,1.0,0.2,0.0,1.0,0.0,0.0,0.4,0.0,0.0,0.0,0.0,0.0,0.0,1.0,1.0,1.0,0.3333,0.3333,0.3333,0.5,0.5,1.0,1.0,1.0,1.0,1.0,1.0,1.0,1.0,1.0,1.0,1.0,1.0,1.0,1.0,1.0
score_height_score_00_m,male,height_score,0.0,0.0,0.0,0.0,0.0,0.0,0.0,1.0,0.0,0.0,0.0,0.0,0.0,0.0,0.0,-1.0,-1.0,0.0,0.0,0.0,0.0,0.0,0.0,0.0,0.0,0.0,0.0,0.0,0.0,0.0,0.0,0.0,-1.0,-1.0,-1.0,-1.0,0.0,0.0,0.0,0.0,0.0,0.0,0.0,0.0,0.0,0.0,0.0,0.0,1.0,1.0,1.0,1.0,1.0,1.0,1.0,1.0,1.0,1.0,1.0
score_height_score_01_m,male,height_score,0.1,0.0,0.0,0.0,0.0,0.1,0.0,1.0,0.0,0.0,0.0,0.0,0.0,0.0,0.0,-0.8,-0.8,0.0,0.0,0.0,0.0,0.0,0.0,0.0,0.0,0.0,0.0,0.0,0.0,0.0,0.0,0.0,-0.8,-0.8,-0.8,-0.8,0.0,0.0,0.0,0.0,0.0,0.0,0.0,0.0,0.0,0.0,0.0,0.0,1.0,1.0,1.0,1.0,1.0,1.0,1.0,1.0,1.0,1.0,1.0
score_height_score_02_m,male,height_score,0.2,0.0,0.0,0.0,0.0,0.2,0.0,1.0,0.0,0.0,0.0,0.0,0.0,0.0,0.0,-0.6,-0.6,0.0,0.0,0.0,0.0,0.0,0.0,0.0,0.0,0.0,0.0,0.0,0.0,0.0,0.0,0.0,-0.6,-0.6,-0.6,-0.6,0.0,0.0,0.0,0.0,0.0,0.0,0.0,0.0,0.0,0.0,0.0,0.0,1.0,1.0,1.0,1.0,1.0,1.0,1.0,1.0,1.0,1.0,1.0
score_height_score_03_m,male,height_score,0.3,0.0,0.0,0.0,0.0,0.3,0.0,1.0,0.0,0.0,0.0,0.0,0.0,0.0,0.0,-0.4,-0.4,0.0,0.0,0.0,0.0,0.0,0.0,0.0,0.0,0.0,0.0,0.0,0.0,0.0,0.0,0.0,-0.4,-0.4,-0.4,-0.4,0.0,0.0,0.0,0.0,0.0,0.0,0.0,0.0,0.0,0.0,0.0,0.0,1.0,1.0,1.0,1.0,1.0,1.0,1.0,1.0,1.0,1.0,1.0
score_height_score_04_m,male,height_score,0.4,0.0,0.0,0.0,0.0,0.4,0.0,1.0,0.0,0.0,0.0,0.0,0.0,0.0,0.0,-0.2,-0.2,0.0,0.0,0.0,0.0,0.0,0.0,0.0,0.0,0.0,0.0,0.0,0.0,0.0,0.0,0.0,-0.2,-0.2,-0.2,-0.2,0.0,0.0,0.0,0.0,0.0,0.0,0.0,0.0,0.0,0.0,0.0,0.0,1.0,1.0,1.0,1.0,1.0,1.0,1.0,1.0,1.0,1.0,1.0
score_height_score_05_m,male,height_score,0.5,0.0,0.0,0.0,0.0,0.5,0.0,1.0,0.0,0.0,0.0,0.0,0.0,0.0,0.0,0.0,0.0,0.0,0.0,0.0,0.0,0.0,0.0,0.0,0.0,0.0,0.0,0.0,0.0,0.0,0.0,0.0,0.0,0.0,0.0,0.0,0.0,0.0,0.0,0.0,0.0,0.0,0.0,0.0,0.0,0.0,0.0,0.0,1.0,1.0,1.0,1.0,1.0,1.0,1.0,1.0,1.0,1.0,1.0
score_height_score_06_m,male,height_score,0.6,0.0,0.0,0.0,0.0,0.6,0.0,1.0,0.0,0.0,0.0,0.2,0.0,0.0,0.0,0.2,0.2,0.0,0.0,0.0,0.0,0.0,0.0,0.0,0.0,0.0,0.0,0.0,0.0,0.0,0.0,0.0,0.2,0.2,0.2,0.2,0.0,0.0,0.0,0.0,0.0,0.0,0.0,0.0,0.0,0.0,0.0,0.0,1.0,1.0,1.0,1.0,1.0,1.0,1.0,1.0,1.0,1.0,1.0
score_height_score_07_m,male,height_score,0.7,0.0,0.0,0.0,0.0,0.7,0.0,1.0,0.0,0.0,0.0,0.4,0.0,0.0,0.0,0.4,0.4,0.0,0.0,0.0,0.0,0.0,0.0,0.0,0.0,0.0,0.0,0.0,0.0,0.0,0.0,0.0,0.4,0.4,0.4,0.4,0.0,0.0,0.0,0.0,0.0,0.0,0.0,0.0,0.0,0.0,0.0,0.0,1.0,1.0,1.0,1.0,1.0,1.0,1.0,1.0,1.0,1.0,1.0
score_height_score_08_m,male,height_score,0.8,0.0,0.0,0.0,0.0,0.8,0.0,1.0,0.0,0.0,0.0,0.6,0.0,0.0,0.0,0.6,0.6,0.0,0.0,0.0,0.0,0.0,0.0,0.0,0.0,0.0,0.0,0.0,0.0,0.0,0.0,0.0,0.6,0.6,0.6,0.6,0.0,0.0,0.0,0.0,0.0,0.0,0.0,0.0,0.0,0.0,0.0,0.0,1.0,1.0,1.0,1.0,1.0,1.0,1.0,1.0,1.0,1.0,1.0
score_height_score_09_m,male,height_score,0.9,0.0,0.0,0.0,0.0,0.9,0.0,1.0,0.0,0.0,0.0,0.8,0.0,0.0,0.0,0.8,0.8,0.0,0.0,0.0,0.0,0.0,0.0,0.0,0.0,0.0,0.0,0.0,0.0,0.0,0.0,0.0,0.8,0.8,0.8,0.8,0.0,0.0,0.0,0.0,0.0,0.0,0.0,0.0,0.0,0.0,0.0,0.0,1.0,1.0,1.0,1.0,1.0,1.0,1.0,1.0,1.0,1.0,1.0
score_height_score_10_m,male,height_score,1.0,0.0,0.0,0.0,0.0,1.0,0.0,1.0,0.0,0.0,0.0,1.0,0.0,0.0,0.0,1.0,1.0,0.0,0.0,0.0,0.0,0.0,0.0,0.0,0.0,0.0,0.0,0.0,0.0,0.0,0.0,0.0,1.0,1.0,1.0,1.0,0.0,0.0,0.0,0.0,0.0,0.0,0.0,0.0,0.0,0.0,0.0,0.0,1.0,1.0,1.0,1.0,1.0,1.0,1.0,1.0,1.0,1.0,1.0
score_chest_height_score_00_m,male,chest_height_score,0.0,0.0,0.0,0.0,0.0,0.5,0.0,1.0,0.0,0.0,0.0,0.0,0.119,0.119,0.119,0.0,0.0,-0.25,-0.25,-0.25,0.0,0.0,0.0,0.0,0.0,0.0,0.0,0.119,0.0,0.0,0.119,0.119,-0.3,0.0,0.0,0.0,0.0,0.0,0.0,0.0,0.0,0.0,0.0,0.0,0.0,0.0,0.0,0.0,1.0,1.0,1.0,1.0,1.0,1.0,1.0,1.0,1.0,1.0,1.0
score_chest_height_score_01_m,male,chest_height_score,0.1,0.0,0.0,0.0,0.0,0.5,0.0,1.0,0.0,0.0,0.0,0.0,0.0952,0.0952,0.0952,0.0,0.0,-0.25,-0.25,-0.25,0.0,0.0,0.0,0.0,0.0,0.0,0.0,0.0952,0.0,0.0,0.0952,0.0952,-0.24,0.0,0.0,0.0,0.0,0.0,0.0,0.0,0.0,0.0,0.0,0.0,0.0,0.0,0.0,0.0,1.0,1.0,1.0,1.0,1.0,1.0,1.0,1.0,1.0,1.0,1.0
score_chest_height_score_02_m,male,chest_height_score,0.2,0.0,0.0,0.0,0.0,0.5,0.0,1.0,0.0,0.0,0.0,0.0,0.0714,0.0714,0.0714,0.0,0.0,-0.25,-0.25,-0.25,0.0,0.0,0.0,0.0,0.0,0.0,0.0,0.0714,0.0,0.0,0.0714,0.0714,-0.18,0.0,0.0,0.0,0.0,0.0,0.0,0.0,0.0,0.0,0.0,0.0,0.0,0.0,0.0,0.0,1.0,1.0,1.0,1.0,1.0,1.0,1.0,1.0,1.0,1.0,1.0
score_chest_height_score_03_m,male,chest_height_score,0.3,0.0,0.0,0.0,0.0,0.5,0.0,1.0,0.0,0.0,0.0,0.0,0.0476,0.0476,0.0476,0.0,0.0,-0.25,-0.25,-0.25,0.0,0.0,0.0,0.0,0.0,0.0,0.0,0.0476,0.0,0.0,0.0476,0.0476,-0.12,0.0,0.0,0.0,0.0,0.0,0.0,0.0,0.0,0.0,0.0,0.0,0.0,0.0,0.0,0.0,1.0,1.0,1.0,1.0,1.0,1.0,1.0,1.0,1.0,1.0,1.0
score_chest_height_score_04_m,male,chest_height_score,0.4,0.0,0.0,0.0,0.0,0.5,0.0,1.0,0.0,0.0,0.0,0.0,0.0238,0.0238,0.0238,0.0,0.0,-0.1429,-0.1429,-0.1429,0.0,0.0,0.0,0.0,0.0,0.0,0.0,0.0238,0.0,0.0,0.0238,0.0238,-0.06,0.0,0.0,0.0,0.0,0.0,0.0,0.0,0.0,0.0,0.0,0.0,0.0,0.0,0.0,0.0,1.0,1.0,1.0,1.0,1.0,1.0,1.0,1.0,1.0,1.0,1.0
score_chest_height_score_05_m,male,chest_height_score,0.5,0.0,0.0,0.0,0.0,0.5,0.0,1.0,0.0,0.0,0.0,0.0,0.0,0.0,0.0,0.0,0.0,0.0,0.0,0.0,0.0,0.0,0.0,0.0,0.0,0.0,0.0,0.0,0.0,0.0,0.0,0.0,0.0,0.0,0.0,0.0,0.0,0.0,0.0,0.0,0.0,0.0,0.0,0.0,0.0,0.0,0.0,0.0,1.0,1.0,1.0,1.0,1.0,1.0,1.0,1.0,1.0,1.0,1.0
score_chest_height_score_06_m,male,chest_height_score,0.6,0.0,0.0,0.0,0.0,0.5,0.0,1.0,0.0,0.0,0.0,0.0,-0.0238,-0.0238,-0.0238,0.0,0.0,0.1429,0.1429,0.1429,0.0,0.0,0.0,0.0,0.0,0.0,0.0,0.0,0.0,0.0,-0.0238,-0.0238,0.06,0.0,0.0,0.0,0.0,0.0,0.0,0.0,0.0,0.0,0.0,0.0,0.0,0.0,0.0,0.0,1.0,1.0,1.0,1.0,1.0,1.0,1.0,1.0,1.0,1.0,1.0
score_chest_height_score_07_m,male,chest_height_score,0.7,0.0,0.0,0.0,0.0,0.5,0.0,1.0,0.0,0.0,0.0,0.0,-0.0476,-0.0476,-0.0476,0.0,0.0,0.25,0.25,0.25,0.0,0.0,0.0,0.0,0.0,0.0,0.0,0.0,0.0,0.0,-0.0476,-0.0476,0.12,0.0,0.0,0.0,0.0,0.0,0.0,0.0,0.0,0.0,0.0,0.0,0.0,0.0,0.0,0.0,1.0,1.0,1.0,1.0,1.0,1.0,1.0,1.0,1.0,1.0,1.0
score_chest_height_score_08_m,male,chest_height_score,0.8,0.0,0.0,0.0,0.0,0.5,0.0,1.0,0.0,0.0,0.0,0.0,-0.0714,-0.0714,-0.0714,0.0,0.0,0.25,0.25,0.25,0.0,0.0,0.0,0.0,0.0,0.0,0.0,0.0,0.0,0.0,-0.0714,-0.0714,0.18,0.0,0.0,0.0,0.0,0.0,0.0,0.0,0.0,0.0,0.0,0.0,0.0,0.0,0.0,0.0,1.0,1.0,1.0,1.0,1.0,1.0,1.0,1.0,1.0,1.0,1.0
score_chest_height_score_09_m,male,chest_height_score,0.9,0.0,0.0,0.0,0.0,0.5,0.0,1.0,0.0,0.0,0.0,0.0,-0.0952,-0.0952,-0.0952,0.0,0.0,0.25,0.25,0.25,0.0,0.0,0.0,0.0,0.0,0.0,0.0,0.0,0.0,0.0,-0.0952,-0.0952,0.24,0.0,0.0,0.0,0.0,0.0,0.0,0.0,0.0,0.0,0.0,0.0,0.0,0.0,0.0,0.0,1.0,1.0,1.0,1.0,1.0,1.0,1.0,1.0,1.0,1.0,1.0
score_chest_height_score_10_m,male,chest_height_score,1.0,0.0,0.0,0.0,0.0,0.5,0.0,1.0,0.0,0.0,0.0,0.0,-0.119,-0.119,-0.119,0.0,0.0,0.25,0.25,0.25,0.0,0.0,0.0,0.0,0.0,0.0,0.0,0.0,0.0,0.0,-0.119,-0.119,0.3,0.0,0.0,0.0,0.0,0.0,0.0,0.0,0.0,0.0,0.0,0.0,0.0,0.0,0.0,0.0,1.0,1.0,1.0,1.0,1.0,1.0,1.0,1.0,1.0,1.0,1.0
score_hip_length_score_00_m,male,hip_length_score,0.0,0.0,0.0,0.0,0.0,0.5,0.0,1.0,0.0,0.0,0.0,0.0,0.119,0.119,0.119,0.0,0.0,0.119,0.119,0.119,0.0,0.0,0.0,0.0,0.0,0.0,0.0,0.0,0.0,0.0,0.119,0.119,0.0,-0.3,0.0,0.0,0.0,0.0,0.0,0.0,0.0,0.0,0.0,0.0,0.0,0.0,0.0,0.0,1.0,1.0,1.0,1.0,1.0,1.0,1.0,1.0,1.0,1.0,1.0
score_hip_length_score_01_m,male,hip_length_score,0.1,0.0,0.0,0.0,0.0,0.5,0.0,1.0,0.0,0.0,0.0,0.0,0.0952,0.0952,0.0952,0.0,0.0,0.0952,0.0952,0.0952,0.0,0.0,0.0,0.0,0.0,0.0,0.0,0.0,0.0,0.0,0.0952,0.0952,0.0,-0.24,0.0,0.0,0.0,0.0,0.0,0.0,0.0,0.0,0.0,0.0,0.0,0.0,0.0,0.0,1.0,1.0,1.0,1.0,1.0,1.0,1.0,1.0,1.0,1.0,1.0
score_hip_length_score_02_m,male,hip_length_score,0.2,0.0,0.0,0.0,0.0,0.5,0.0,1.0,0.0,0.0,0.0,0.0,0.0714,0.0714,0.0714,0.0,0.0,0.0714,0.0714,0.0714,0.0,0.0,0.0,0.0,0.0,0.0,0.0,0.0,0.0,0.0,0.0714,0.0714,0.0,-0.18,0.0,0.0,0.0,0.0,0.0,0.0,0.0,0.0,0.0,0.0,0.0,0.0,0.0,0.0,1.0,1.0,1.0,1.0,1.0,1.0,1.0,1.0,1.0,1.0,1.0
score_hip_length_score_03_m,male,hip_length_score,0.3,0.0,0.0,0.0,0.0,0.5,0.0,1.0,0.0,0.0,0.0,0.0,0.0476,0.0476,0.0476,0.0,0.0,0.0476,0.0476,0.0476,0.0,0.0,0.0,0.0,0.0,0.0,0.0,0.0,0.0,0.0,0.0476,0.0476,0.0,-0.12,0.0,0.0,0.0,0.0,0.0,0.0,0.0,0.0,0.0,0.0,0.0,0.0,0.0,0.0,1.0,1.0,1.0,1.0,1.0,1.0,1.0,1.0,1.0,1.0,1.0
score_hip_length_score_04_m,male,hip_length_score,0.4,0.0,0.0,0.0,0.0,0.5,0.0,1.0,0.0,0.0,0.0,0.0,0.0238,0.0238,0.0238,0.0,0.0,0.0238,0.0238,0.0238,0.0,0.0,0.0,0.0,0.0,0.0,0.0,0.0,0.0,0.0,0.0238,0.0238,0.0,-0.06,0.0,0.0,0.0,0.0,0.0,0.0,0.0,0.0,0.0,0.0,0.0,0.0,0.0,0.0,1.0,1.0,1.0,1.0,1.0,1.0,1.0,1.0,1.0,1.0,1.0
score_hip_length_score_05_m,male,hip_length_score,0.5,0.0,0.0,0.0,0.0,0.5,0.0,1.0,0.0,0.0,0.0,0.0,0.0,0.0,0.0,0.0,0.0,0.0,0.0,0.0,0.0,0.0,0.0,0.0,0.0,0.0,0.0,0.0,0.0,0.0,0.0,0.0,0.0,0.0,0.0,0.0,0.0,0.0,0.0,0.0,0.0,0.0,0.0,0.0,0.0,0.0,0.0,0.0,1.0,1.0,1.0,1.0,1.0,1.0,1.0,1.0,1.0,1.0,1.0
score_hip_length_score_06_m,male,hip_length_score,0.6,0.0,0.0,0.0,0.0,0.5,0.0,1.0,0.0,0.0,0.0,0.0,-0.0238,-0.0238,-0.0238,0.0,0.0,-0.0238,-0.0238,-0.0238,0.0,0.0,0.0,0.0,0.0,0.0,0.0,0.1429,0.0,0.0,-0.0238,-0.0238,0.0,0.06,0.0,0.0,0.0,0.0,0.0,0.0,0.0,0.0,0.0,0.0,0.0,0.0,0.0,0.0,1.0,1.0,1.0,1.0,1.0,1.0,1.0,1.0,1.0,1.0,1.0
score_hip_length_score_07_m,male,hip_length_score,0.7,0.0,0.0,0.0,0.0,0.5,0.0,1.0,0.0,0.0,0.0,0.0,-0.0476,-0.0476,-0.0476,0.0,0.0,-0.0476,-0.0476,-0.0476,0.0,0.0,0.0,0.0,0.0,0.0,0.0,0.25,0.0,0.0,-0.0476,-0.0476,0.0,0.12,0.0,0.0,0.0,0.0,0.0,0.0,0.0,0.0,0.0,0.0,0.0,0.0,0.0,0.0,1.0,1.0,1.0,1.0,1.0,1.0,1.0,1.0,1.0,1.0,1.0
score_hip_length_score_08_m,male,hip_length_score,0.8,0.0,0.0,0.0,0.0,0.5,0.0,1.0,0.0,0.0,0.0,0.0,-0.0714,-0.0714,-0.0714,0.0,0.0,-0.0714,-0.0714,-0.0714,0.0,0.0,0.0,0.0,0.0,0.0,0.0,0.25,0.0,0.0,-0.0714,-0.0714,0.0,0.18,0.0,0.0,0.0,0.0,0.0,0.0,0.0,0.0,0.0,0.0,0.0,0.0,0.0,0.0,1.0,1.0,1.0,1.0,1.0,1.0,1.0,1.0,1.0,1.0,1.0
score_hip_length_score_09_m,male,hip_length_score,0.9,0.0,0.0,0.0,0.0,0.5,0.0,1.0,0.0,0.0,0.0,0.0,-0.0952,-0.0952,-0.0952,0.0,0.0,-0.0952,-0.0952,-0.0952,0.0,0.0,0.0,0.0,0.0,0.0,0.0,0.25,0.0,0.0,-0.0952,-0.0952,0.0,0.24,0.0,0.0,0.0,0.0,0.0,0.0,0.0,0.0,0.0,0.0,0.0,0.0,0.0,0.0,1.0,1.0,1.0,1.0,1.0,1.0,1.0,1.0,1.0,1.0,1.0
score_hip_length_score_10_m,male,hip_length_score,1.0,0.0,0.0,0.0,0.0,0.5,0.0,1.0,0.0,0.0,0.0,0.0,-0.119,-0.119,-0.119,0.0,0.0,-0.119,-0.119,-0.119,0.0,0.0,0.0,0.0,0.0,0.0,0.0,0.25,0.0,0.0,-0.119,-0.119,0.0,0.3,0.0,0.0,0.0,0.0,0.0,0.0,0.0,0.0,0.0,0.0,0.0,0.0,0.0,0.0,1.0,1.0,1.0,1.0,1.0,1.0,1.0,1.0,1.0,1.0,1.0
score_thigh_length_score_00_m,male,thigh_length_score,0.0,0.0,0.0,0.0,0.0,0.5,0.0,1.0,0.0,0.0,0.0,0.0,0.119,0.119,0.119,0.0,0.0,0.119,0.119,0.119,0.0,0.0,0.0,0.0,0.0,0.0,0.0,0.119,0.0,0.0,-0.25,0.119,0.0,0.0,-0.3,0.0,0.0,0.0,0.0,0.0,0.0,0.0,0.0,0.0,0.0,0.0,0.0,0.0,1.0,1.0,1.0,1.0,1.0,1.0,1.0,1.0,1.0,1.0,1.0
score_thigh_length_score_01_m,male,thigh_length_score,0.1,0.0,0.0,0.0,0.0,0.5,0.0,1.0,0.0,0.0,0.0,0.0,0.0952,0.0952,0.0952,0.0,0.0,0.0952,0.0952,0.0952,0.0,0.0,0.0,0.0,0.0,0.0,0.0,0.0952,0.0,0.0,-0.25,0.0952,0.0,0.0,-0.24,0.0,0.0,0.0,0.0,0.0,0.0,0.0,0.0,0.0,0.0,0.0,0.0,0.0,1.0,1.0,1.0,1.0,1.0,1.0,1.0,1.0,1.0,1.0,1.0
score_thigh_length_score_02_m,male,thigh_length_score,0.2,0.0,0.0,0.0,0.0,0.5,0.0,1.0,0.0,0.0,0.0,0.0,0.0714,0.0714,0.0714,0.0,0.0,0.0714,0.0714,0.0714,0.0,0.0,0.0,0.0,0.0,0.0,0.0,0.0714,0.0,0.0,-0.25,0.0714,0.0,0.0,-0.18,0.0,0.0,0.0,0.0,0.0,0.0,0.0,0.0,0.0,0.0,0.0,0.0,0.0,1.0,1.0,1.0,1.0,1.0,1.0,1.0,1.0,1.0,1.0,1.0
score_thigh_length_score_03_m,male,thigh_length_score,0.3,0.0,0.0,0.0,0.0,0.5,0.0,1.0,0.0,0.0,0.0,0.0,0.0476,0.0476,0.0476,0.0,0.0,0.0476,0.0476,0.0476,0.0,0.0,0.0,0.0,0.0,0.0,0.0,0.0476,0.0,0.0,-0.25,0.0476,0.0,0.0,-0.12,0.0,0.0,0.0,0.0,0.0,0.0,0.0,0.0,0.0,0.0,0.0,0.0,0.0,1.0,1.0,1.0,1.0,1.0,1.0,1.0,1.0,1.0,1.0,1.0
score_thigh_length_score_04_m,male,thigh_length_score,0.4,0.0,0.0,0.0,0.0,0.5,0.0,1.0,0.0,0.0,0.0,0.0,0.0238,0.0238,0.0238,0.0,0.0,0.0238,0.0238,0.0238,0.0,0.0,0.0,0.0,0.0,0.0,0.0,0.0238,0.0,0.0,-0.1429,0.0238,0.0,0.0,-0.06,0.0,0.0,0.0,0.0,0.0,0.0,0.0,0.0,0.0,0.0,0.0,0.0,0.0,1.0,1.0,1.0,1.0,1.0,1.0,1.0,1.0,1.0,1.0,1.0
score_thigh_length_score_05_m,male,thigh_length_score,0.5,0.0,0.0,0.0,0.0,0.5,0.0,1.0,0.0,0.0,0.0,0.0,0.0,0.0,0.0,0.0,0.0,0.0,0.0,0.0,0.0,0.0,0.0,0.0,0.0,0.0,0.0,0.0,0.0,0.0,0.0,0.0,0.0,0.0,0.0,0.0,0.0,0.0,0.0,0.0,0.0,0.0,0.0,0.0,0.0,0.0,0.0,0.0,1.0,1.0,1.0,1.0,1.0,1.0,1.0,1.0,1.0,1.0,1.0
score_thigh_length_score_06_m,male,thigh_length_score,0.6,0.0,0.0,0.0,0.0,0.5,0.0,1.0,0.0,0.0,0.0,0.0,-0.0238,-0.0238,-0.0238,0.0,0.0,-0.0238,-0.0238,-0.0238,0.0,0.0,0.0,0.0,0.0,0.0,0.0,0.0,0.0,0.0,0.1429,-0.0238,0.0,0.0,0.06,0.0,0.0,0.0,0.0,0.0,0.0,0.0,0.0,0.0,0.0,0.0,0.0,0.0,1.0,1.0,1.0,1.0,1.0,1.0,1.0,1.0,1.0,1.0,1.0
score_thigh_length_score_07_m,male,thigh_length_score,0.7,0.0,0.0,0.0,0.0,0.5,0.0,1.0,0.0,0.0,0.0,0.0,-0.0476,-0.0476,-0.0476,0.0,0.0,-0.0476,-0.0476,-0.0476,0.0,0.0,0.0,0.0,0.0,0.0,0.0,0.0,0.0,0.0,0.25,-0.0476,0.0,0.0,0.12,0.0,0.0,0.0,0.0,0.0,0.0,0.0,0.0,0.0,0.0,0.0,0.0,0.0,1.0,1.0,1.0,1.0,1.0,1.0,1.0,1.0,1.0,1.0,1.0
score_thigh_length_score_08_m,male,thigh_length_score,0.8,0.0,0.0,0.0,0.0,0.5,0.0,1.0,0.0,0.0,0.0,0.0,-0.0714,-0.0714,-0.0714,0.0,0.0,-0.0714,-0.0714,-0.0714,0.0,0.0,0.0,0.0,0.0,0.0,0.0,0.0,0.0,0.0,0.25,-0.0714,0.0,0.0,0.18,0.0,0.0,0.0,0.0,0.0,0.0,0.0,0.0,0.0,0.0,0.0,0.0,0.0,1.0,1.0,1.0,1.0,1.0,1.0,1.0,1.0,1.0,1.0,1.0
score_thigh_length_score_09_m,male,thigh_length_score,0.9,0.0,0.0,0.0,0.0,0.5,0.0,1.0,0.0,0.0,0.0,0.0,-0.0952,-0.0952,-0.0952,0.0,0.0,-0.0952,-0.0952,-0.0952,0.0,0.0,0.0,0.0,0.0,0.0,0.0,0.0,0.0,0.0,0.25,-0.0952,0.0,0.0,0.24,0.0,0.0,0.0,0.0,0.0,0.0,0.0,0.0,0.0,0.0,0.0,0.0,0.0,1.0,1.0,1.0,1.0,1.0,1.0,1.0,1.0,1.0,1.0,1.0
score_thigh_length_score_10_m,male,thigh_length_score,1.0,0.0,0.0,0.0,0.0,0.5,0.0,1.0,0.0,0.0,0.0,0.0,-0.119,-0.119,-0.119,0.0,0.0,-0.119,-0.119,-0.119,0.0,0.0,0.0,0.0,0.0,0.0,0.0,0.0,0.0,0.0,0.25,-0.119,0.0,0.0,0.3,0.0,0.0,0.0,0.0,0.0,0.0,0.0,0.0,0.0,0.0,0.0,0.0,0.0,1.0,1.0,1.0,1.0,1.0,1.0,1.0,1.0,1.0,1.0,1.0
score_lower_leg_length_score_00_m,male,lower_leg_length_score,0.0,0.0,0.0,0.0,0.0,0.5,0.0,1.0,0.0,0.0,0.0,0.0,0.119,0.119,0.119,0.0,0.0,0.119,0.119,0.119,0.0,0.0,0.0,0.0,0.0,0.0,0.0,0.119,0.0,0.0,0.119,-0.25,0.0,0.0,0.0,-0.3,0.0,0.0,0.0,0.0,0.0,0.0,0.0,0.0,0.0,0.0,0.0,0.0,1.0,1.0,1.0,1.0,1.0,1.0,1.0,1.0,1.0,1.0,1.0
score_lower_leg_length_score_01_m,male,lower_leg_length_score,0.1,0.0,0.0,0.0,0.0,0.5,0.0,1.0,0.0,0.0,0.0,0.0,0.0952,0.0952,0.0952,0.0,0.0,0.0952,0.0952,0.0952,0.0,0.0,0.0,0.0,0.0,0.0,0.0,0.0952,0.0,0.0,0.0952,-0.25,0.0,0.0,0.0,-0.24,0.0,0.0,0.0,0.0,0.0,0.0,0.0,0.0,0.0,0.0,0.0,0.0,1.0,1.0,1.0,1.0,1.0,1.0,1.0,1.0,1.0,1.0,1.0
score_lower_leg_length_score_02_m,male,lower_leg_length_score,0.2,0.0,0.0,0.0,0.0,0.5,0.0,1.0,0.0,0.0,0.0,0.0,0.0714,0.0714,0.0714,0.0,0.0,0.0714,0.0714,0.0714,0.0,0.0,0.0,0.0,0.0,0.0,0.0,0.0714,0.0,0.0,0.0714,-0.25,0.0,0.0,0.0,-0.18,0.0,0.0,0.0,0.0,0.0,0.0,0.0,0.0,0.0,0.0,0.0,0.0,1.0,1.0,1.0,1.0,1.0,1.0,1.0,1.0,1.0,1.0,1.0
score_lower_leg_length_score_03_m,male,lower_leg_length_score,0.3,0.0,0.0,0.0,0.0,0.5,0.0,1.0,0.0,0.0,0.0,0.0,0.0476,0.0476,0.0476,0.0,0.0,0.0476,0.0476,0.0476,0.0,0.0,0.0,0.0,0.0,0.0,0.0,0.0476,0.0,0.0,0.0476,-0.25,0.0,0.0,0.0,-0.12,0.0,0.0,0.0,0.0,0.0,0.0,0.0,0.0,0.0,0.0,0.0,0.0,1.0,1.0,1.0,1.0,1.0,1.0,1.0,1.0,1.0,1.0,1.0
score_lower_leg_length_score_04_m,male,lower_leg_length_score,0.4,0.0,0.0,0.0,0.0,0.5,0.0,1.0,0.0,0.0,0.0,0.0,0.0238,0.0238,0.0238,0.0,0.0,0.0238,0.0238,0.0238,0.0,0.0,0.0,0.0,0.0,0.0,0.0,0.0238,0.0,0.0,0.0238,-0.1429,0.0,0.0,0.0,-0.06,0.0,0.0,0.0,0.0,0.0,0.0,0.0,0.0,0.0,0.0,0.0,0.0,1.0,1.0,1.0,1.0,1.0,1.0,1.0,1.0,1.0,1.0,1.0
score_lower_leg_length_score_05_m,male,lower_leg_length_score,0.5,0.0,0.0,0.0,0.0,0.5,0.0,1.0,0.0,0.0,0.0,0.0,0.0,0.0,0.0,0.0,0.0,0.0,0.0,0.0,0.0,0.0,0.0,0.0,0.0,0.0,0.0,0.0,0.0,0.0,0.0,0.0,0.0,0.0,0.0,0.0,0.0,0.0,0.0,0.0,0.0,0.0,0.0,0.0,0.0,0.0,0.0,0.0,1.0,1.0,1.0,1.0,1.0,1.0,1.0,1.0,1.0,1.0,1.0
score_lower_leg_length_score_06_m,male,lower_leg_length_score,0.6,0.0,0.0,0.0,0.0,0.5,0.0,1.0,0.0,0.0,0.0,0.0,-0.0238,-0.0238,-0.0238,0.0,0.0,-0.0238,-0.0238,-0.0238,0.0,0.0,0.0,0.0,0.0,0.0,0.0,0.0,0.0,0.0,-0.0238,0.1429,0.0,0.0,0.0,0.06,0.0,0.0,0.0,0.0,0.0,0.0,0.0,0.0,0.0,0.0,0.0,0.0,1.0,1.0,1.0,1.0,1.0,1.0,1.0,1.0,1.0,1.0,1.0
score_lower_leg_length_score_07_m,male,lower_leg_length_score,0.7,0.0,0.0,0.0,0.0,0.5,0.0,1.0,0.0,0.0,0.0,0.0,-0.0476,-0.0476,-0.0476,0.0,0.0,-0.0476,-0.0476,-0.0476,0.0,0.0,0.0,0.0,0.0,0.0,0.0,0.0,0.0,0.0,-0.0476,0.25,0.0,0.0,0.0,0.12,0.0,0.0,0.0,0.0,0.0,0.0,0.0,0.0,0.0,0.0,0.0,0.0,1.0,1.0,1.0,1.0,1.0,1.0,1.0,1.0,1.0,1.0,1.0
score_lower_leg_length_score_08_m,male,lower_leg_length_score,0.8,0.0,0.0,0.0,0.0,0.5,0.0,1.0,0.0,0.0,0.0,0.0,-0.0714,-0.0714,-0.0714,0.0,0.0,-0.0714,-0.0714,-0.0714,0.0,0.0,0.0,0.0,0.0,0.0,0.0,0.0,0.0,0.0,-0.0714,0.25,0.0,0.0,0.0,0.18,0.0,0.0,0.0,0.0,0.0,0.0,0.0,0.0,0.0,0.0,0.0,0.0,1.0,1.0,1.0,1.0,1.0,1.0,1.0,1.0,1.0,1.0,1.0
score_lower_leg_length_score_09_m,male,lower_leg_length_score,0.9,0.0,0.0,0.0,0.0,0.5,0.0,1.0,0.0,0.0,0.0,0.0,-0.0952,-0.0952,-0.0952,0.0,0.0,-0.0952,-0.0952,-0.0952,0.0,0.0,0.0,0.0,0.0,0.0,0.0,0.0,0.0,0.0,-0.0952,0.25,0.0,0.0,0.0,0.24,0.0,0.0,0.0,0.0,0.0,0.0,0.0,0.0,0.0,0.0,0.0,0.0,1.0,1.0,1.0,1.0,1.0,1.0,1.0,1.0,1.0,1.0,1.0
score_lower_leg_length_score_10_m,male,lower_leg_length_score,1.0,0.0,0.0,0.0,0.0,0.5,0.0,1.0,0.0,0.0,0.0,0.0,-0.119,-0.119,-0.119,0.0,0.0,-0.119,-0.119,-0.119,0.0,0.0,0.0,0.0,0.0,0.0,0.0,0.0,0.0,0.0,-0.119,0.25,0.0,0.0,0.0,0.3,0.0,0.0,0.0,0.0,0.0,0.0,0.0,0.0,0.0,0.0,0.0,0.0,1.0,1.0,1.0,1.0,1.0,1.0,1.0,1.0,1.0,1.0,1.0
score_upper_arm_length_score_00_m,male,upper_arm_length_score,0.0,0.0,0.0,0.0,0.0,0.5,0.0,1.0,0.0,0.0,0.0,0.0,-0.25,-0.25,0.119,-0.3,0.0,0.119,0.119,0.119,0.0,0.0,0.0,0.0,0.0,0.0,0.0,0.119,0.0,0.0,0.119,0.119,0.0,0.0,0.0,0.0,0.0,0.0,0.0,0.0,0.0,0.0,0.0,0.0,0.0,0.0,0.0,0.0,1.0,1.0,1.0,1.0,1.0,1.0,1.0,1.0,1.0,1.0,1.0
score_upper_arm_length_score_01_m,male,upper_arm_length_score,0.1,0.0,0.0,0.0,0.0,0.5,0.0,1.0,0.0,0.0,0.0,0.0,-0.25,-0.25,0.0952,-0.24,0.0,0.0952,0.0952,0.0952,0.0,0.0,0.0,0.0,0.0,0.0,0.0,0.0952,0.0,0.0,0.0952,0.0952,0.0,0.0,0.0,0.0,0.0,0.0,0.0,0.0,0.0,0.0,0.0,0.0,0.0,0.0,0.0,0.0,1.0,1.0,1.0,1.0,1.0,1.0,1.0,1.0,1.0,1.0,1.0
score_upper_arm_length_score_02_m,male,upper_arm_length_score,0.2,0.0,0.0,0.0,0.0,0.5,0.0,1.0,0.0,0.0,0.0,0.0,-0.25,-0.25,0.0714,-0.18,0.0,0.0714,0.0714,0.0714,0.0,0.0,0.0,0.0,0.0,0.0,0.0,0.0714,0.0,0.0,0.0714,0.0714,0.0,0.0,0.0,0.0,0.0,0.0,0.0,0.0,0.0,0.0,0.0,0.0,0.0,0.0,0.0,0.0,1.0,1.0,1.0,1.0,1.0,1.0,1.0,1.0,1.0,1.0,1.0
score_upper_arm_length_score_03_m,male,upper_arm_length_score,0.3,0.0,0.0,0.0,0.0,0.5,0.0,1.0,0.0,0.0,0.0,0.0,-0.25,-0.25,0.0476,-0.12,0.0,0.0476,0.0476,0.0476,0.0,0.0,0.0,0.0,0.0,0.0,0.0,0.0476,0.0,0.0,0.0476,0.0476,0.0,0.0,0.0,0.0,0.0,0.0,0.0,0.0,0.0,0.0,0.0,0.0,0.0,0.0,0.0,0.0,1.0,1.0,1.0,1.0,1.0,1.0,1.0,1.0,1.0,1.0,1.0
score_upper_arm_length_score_04_m,male,upper_arm_length_score,0.4,0.0,0.0,0.0,0.0,0.5,0.0,1.0,0.0,0.0,0.0,0.0,-0.1429,-0.1429,0.0238,-0.06,0.0,0.0238,0.0238,0.0238,0.0,0.0,0.0,0.0,0.0,0.0,0.0,0.0238,0.0,0.0,0.0238,0.0238,0.0,0.0,0.0,0.0,0.0,0.0,0.0,0.0,0.0,0.0,0.0,0.0,0.0,0.0,0.0,0.0,1.0,1.0,1.0,1.0,1.0,1.0,1.0,1.0,1.0,1.0,1.0
score_upper_arm_length_score_05_m,male,upper_arm_length_score,0.5,0.0,0.0,0.0,0.0,0.5,0.0,1.0,0.0,0.0,0.0,0.0,0.0,0.0,0.0,0.0,0.0,0.0,0.0,0.0,0.0,0.0,0.0,0.0,0.0,0.0,0.0,0.0,0.0,0.0,0.0,0.0,0.0,0.0,0.0,0.0,0.0,0.0,0.0,0.0,0.0,0.0,0.0,0.0,0.0,0.0,0.0,0.0,1.0,1.0,1.0,1.0,1.0,1.0,1.0,1.0,1.0,1.0,1.0
score_upper_arm_length_score_06_m,male,upper_arm_length_score,0.6,0.0,0.0,0.0,0.0,0.5,0.0,1.0,0.0,0.0,0.0,0.0,0.1429,0.1429,-0.0238,0.06,0.0,-0.0238,-0.0238,-0.0238,0.0,0.0,0.0,0.0,0.0,0.0,0.0,0.0,0.0,0.0,-0.0238,-0.0238,0.0,0.0,0.0,0.0,0.0,0.0,0.0,0.0,0.0,0.0,0.0,0.0,0.0,0.0,0.0,0.0,1.0,1.0,1.0,1.0,1.0,1.0,1.0,1.0,1.0,1.0,1.0
score_upper_arm_length_score_07_m,male,upper_arm_length_score,0.7,0.0,0.0,0.0,0.0,0.5,0.0,1.0,0.0,0.0,0.0,0.0,0.25,0.25,-0.0476,0.12,0.0,-0.0476,-0.0476,-0.0476,0.0,0.0,0.0,0.0,0.0,0.0,0.0,0.0,0.0,0.0,-0.0476,-0.0476,0.0,0.0,0.0,0.0,0.0,0.0,0.0,0.0,0.0,0.0,0.0,0.0,0.0,0.0,0.0,0.0,1.0,1.0,1.0,1.0,1.0,1.0,1.0,1.0,1.0,1.0,1.0
score_upper_arm_length_score_08_m,male,upper_arm_length_score,0.8,0.0,0.0,0.0,0.0,0.5,0.0,1.0,0.0,0.0,0.0,0.0,0.25,0.25,-0.0714,0.18,0.0,-0.0714,-0.0714,-0.0714,0.0,0.0,0.0,0.0,0.0,0.0,0.0,0.0,0.0,0.0,-0.0714,-0.0714,0.0,0.0,0.0,0.0,0.0,0.0,0.0,0.0,0.0,0.0,0.0,0.0,0.0,0.0,0.0,0.0,1.0,1.0,1.0,1.0,1.0,1.0,1.0,1.0,1.0,1.0,1.0
score_upper_arm_length_score_09_m,male,upper_arm_length_score,0.9,0.0,0.0,0.0,0.0,0.5,0.0,1.0,0.0,0.0,0.0,0.0,0.25,0.25,-0.0952,0.24,0.0,-0.0952,-0.0952,-0.0952,0.0,0.0,0.0,0.0,0.0,0.0,0.0,0.0,0.0,0.0,-0.0952,-0.0952,0.0,0.0,0.0,0.0,0.0,0.0,0.0,0.0,0.0,0.0,0.0,0.0,0.0,0.0,0.0,0.0,1.0,1.0,1.0,1.0,1.0,1.0,1.0,1.0,1.0,1.0,1.0
score_upper_arm_length_score_10_m,male,upper_arm_length_score,1.0,0.0,0.0,0.0,0.0,0.5,0.0,1.0,0.0,0.0,0.0,0.0,0.25,0.25,-0.119,0.3,0.0,-0.119,-0.119,-0.119,0.0,0.0,0.0,0.0,0.0,0.0,0.0,0.0,0.0,0.0,-0.119,-0.119,0.0,0.0,0.0,0.0,0.0,0.0,0.0,0.0,0.0,0.0,0.0,0.0,0.0,0.0,0.0,0.0,1.0,1.0,1.0,1.0,1.0,1.0,1.0,1.0,1.0,1.0,1.0
score_forearm_length_score_00_m,male,forearm_length_score,0.0,0.0,0.0,0.0,0.0,0.5,0.0,1.0,0.0,0.0,0.0,0.0,0.119,0.119,-0.25,0.0,-0.3,0.119,0.119,0.119,0.0,0.0,0.0,0.0,0.0,0.0,0.0,0.119,0.0,0.0,0.119,0.119,0.0,0.0,0.0,0.0,0.0,0.0,0.0,0.0,0.0,0.0,0.0,0.0,0.0,0.0,0.0,0.0,1.0,1.0,1.0,1.0,1.0,1.0,1.0,1.0,1.0,1.0,1.0
score_forearm_length_score_01_m,male,forearm_length_score,0.1,0.0,0.0,0.0,0.0,0.5,0.0,1.0,0.0,0.0,0.0,0.0,0.0952,0.0952,-0.25,0.0,-0.24,0.0952,0.0952,0.0952,0.0,0.0,0.0,0.0,0.0,0.0,0.0,0.0952,0.0,0.0,0.0952,0.0952,0.0,0.0,0.0,0.0,0.0,0.0,0.0,0.0,0.0,0.0,0.0,0.0,0.0,0.0,0.0,0.0,1.0,1.0,1.0,1.0,1.0,1.0,1.0,1.0,1.0,1.0,1.0
score_forearm_length_score_02_m,male,forearm_length_score,0.2,0.0,0.0,0.0,0.0,0.5,0.0,1.0,0.0,0.0,0.0,0.0,0.0714,0.0714,-0.25,0.0,-0.18,0.0714,0.0714,0.0714,0.0,0.0,0.0,0.0,0.0,0.0,0.0,0.0714,0.0,0.0,0.0714,0.0714,0.0,0.0,0.0,0.0,0.0,0.0,0.0,0.0,0.0,0.0,0.0,0.0,0.0,0.0,0.0,0.0,1.0,1.0,1.0,1.0,1.0,1.0,1.0,1.0,1.0,1.0,1.0
score_forearm_length_score_03_m,male,forearm_length_score,0.3,0.0,0.0,0.0,0.0,0.5,0.0,1.0,0.0,0.0,0.0,0.0,0.0476,0.0476,-0.25,0.0,-0.12,0.0476,0.0476,0.0476,0.0,0.0,0.0,0.0,0.0,0.0,0.0,0.0476,0.0,0.0,0.0476,0.0476,0.0,0.0,0.0,0.0,0.0,0.0,0.0,0.0,0.0,0.0,0.0,0.0,0.0,0.0,0.0,0.0,1.0,1.0,1.0,1.0,1.0,1.0,1.0,1.0,1.0,1.0,1.0
score_forearm_length_score_04_m,male,forearm_length_score,0.4,0.0,0.0,0.0,0.0,0.5,0.0,1.0,0.0,0.0,0.0,0.0,0.0238,0.0238,-0.1429,0.0,-0.06,0.0238,0.0238,0.0238,0.0,0.0,0.0,0.0,0.0,0.0,0.0,0.0238,0.0,0.0,0.0238,0.0238,0.0,0.0,0.0,0.0,0.0,0.0,0.0,0.0,0.0,0.0,0.0,0.0,0.0,0.0,0.0,0.0,1.0,1.0,1.0,1.0,1.0,1.0,1.0,1.0,1.0,1.0,1.0
score_forearm_length_score_05_m,male,forearm_length_score,0.5,0.0,0.0,0.0,0.0,0.5,0.0,1.0,0.0,0.0,0.0,0.0,0.0,0.0,0.0,0.0,0.0,0.0,0.0,0.0,0.0,0.0,0.0,0.0,0.0,0.0,0.0,0.0,0.0,0.0,0.0,0.0,0.0,0.0,0.0,0.0,0.0,0.0,0.0,0.0,0.0,0.0,0.0,0.0,0.0,0.0,0.0,0.0,1.0,1.0,1.0,1.0,1.0,1.0,1.0,1.0,1.0,1.0,1.0
score_forearm_length_score_06_m,male,forearm_length_score,0.6,0.0,0.0,0.0,0.0,0.5,0.0,1.0,0.0,0.0,0.0,0.0,-0.0238,-0.0238,0.1429,0.0,0.06,-0.0238,-0.0238,-0.0238,0.0,0.0,0.0,0.0,0.0,0.0,0.0,0.0,0.0,0.0,-0.0238,-0.0238,0.0,0.0,0.0,0.0,0.0,0.0,0.0,0.0,0.0,0.0,0.0,0.0,0.0,0.0,0.0,0.0,1.0,1.0,1.0,1.0,1.0,1.0,1.0,1.0,1.0,1.0,1.0
score_forearm_length_score_07_m,male,forearm_length_score,0.7,0.0,0.0,0.0,0.0,0.5,0.0,1.0,0.0,0.0,0.0,0.0,-0.0476,-0.0476,0.25,0.0,0.12,-0.0476,-0.0476,-0.0476,0.0,0.0,0.0,0.0,0.0,0.0,0.0,0.0,0.0,0.0,-0.0476,-0.0476,0.0,0.0,0.0,0.0,0.0,0.0,0.0,0.0,0.0,0.0,0.0,0.0,0.0,0.0,0.0,0.0,1.0,1.0,1.0,1.0,1.0,1.0,1.0,1.0,1.0,1.0,1.0
score_forearm_length_score_08_m,male,forearm_length_score,0.8,0.0,0.0,0.0,0.0,0.5,0.0,1.0,0.0,0.0,0.0,0.0,-0.0714,-0.0714,0.25,0.0,0.18,-0.0714,-0.0714,-0.0714,0.0,0.0,0.0,0.0,0.0,0.0,0.0,0.0,0.0,0.0,-0.0714,-0.0714,0.0,0.0,0.0,0.0,0.0,0.0,0.0,0.0,0.0,0.0,0.0,0.0,0.0,0.0,0.0,0.0,1.0,1.0,1.0,1.0,1.0,1.0,1.0,1.0,1.0,1.0,1.0
score_forearm_length_score_09_m,male,forearm_length_score,0.9,0.0,0.0,0.0,0.0,0.5,0.0,1.0,0.0,0.0,0.0,0.0,-0.0952,-0.0952,0.25,0.0,0.24,-0.0952,-0.0952,-0.0952,0.0,0.0,0.0,0.0,0.0,0.0,0.0,0.0,0.0,0.0,-0.0952,-0.0952,0.0,0.0,0.0,0.0,0.0,0.0,0.0,0.0,0.0,0.0,0.0,0.0,0.0,0.0,0.0,0.0,1.0,1.0,1.0,1.0,1.0,1.0,1.0,1.0,1.0,1.0,1.0
score_forearm_length_score_10_m,male,forearm_length_score,1.0,0.0,0.0,0.0,0.0,0.5,0.0,1.0,0.0,0.0,0.0,0.0,-0.119,-0.119,0.25,0.0,0.3,-0.119,-0.119,-0.119,0.0,0.0,0.0,0.0,0.0,0.0,0.0,0.0,0.0,0.0,-0.119,-0.119,0.0,0.0,0.0,0.0,0.0,0.0,0.0,0.0,0.0,0.0,0.0,0.0,0.0,0.0,0.0,0.0,1.0,1.0,1.0,1.0,1.0,1.0,1.0,1.0,1.0,1.0,1.0
score_neck_length_score_00_m,male,neck_length_score,0.0,0.0,0.0,0.0,0.0,0.5,0.0,1.0,0.0,0.0,0.0,0.0,0.119,0.119,0.119,0.0,0.0,0.119,0.119,0.119,0.0,0.0,0.0,0.0,0.0,0.0,0.0,0.119,0.0,0.0,0.119,0.119,0.0,0.0,0.0,0.0,0.0,0.0,0.0,0.0,0.0,0.0,0.0,0.0,0.0,0.0,0.0,0.0,1.0,1.0,1.0,1.0,1.0,1.0,1.0,1.0,1.0,1.0,1.0
score_neck_length_score_01_m,male,neck_length_score,0.1,0.0,0.0,0.0,0.0,0.5,0.0,1.0,0.0,0.0,0.0,0.0,0.0952,0.0952,0.0952,0.0,0.0,0.0952,0.0952,0.0952,0.0,0.0,0.0,0.0,0.0,0.0,0.0,0.0952,0.0,0.0,0.0952,0.0952,0.0,0.0,0.0,0.0,0.0,0.0,0.0,0.0,0.0,0.0,0.0,0.0,0.0,0.0,0.0,0.0,1.0,1.0,1.0,1.0,1.0,1.0,1.0,1.0,1.0,1.0,1.0
score_neck_length_score_02_m,male,neck_length_score,0.2,0.0,0.0,0.0,0.0,0.5,0.0,1.0,0.0,0.0,0.0,0.0,0.0714,0.0714,0.0714,0.0,0.0,0.0714,0.0714,0.0714,0.0,0.0,0.0,0.0,0.0,0.0,0.0,0.0714,0.0,0.0,0.0714,0.0714,0.0,0.0,0.0,0.0,0.0,0.0,0.0,0.0,0.0,0.0,0.0,0.0,0.0,0.0,0.0,0.0,1.0,1.0,1.0,1.0,1.0,1.0,1.0,1.0,1.0,1.0,1.0
score_neck_length_score_03_m,male,neck_length_score,0.3,0.0,0.0,0.0,0.0,0.5,0.0,1.0,0.0,0.0,0.0,0.0,0.0476,0.0476,0.0476,0.0,0.0,0.0476,0.0476,0.0476,0.0,0.0,0.0,0.0,0.0,0.0,0.0,0.0476,0.0,0.0,0.0476,0.0476,0.0,0.0,0.0,0.0,0.0,0.0,0.0,0.0,0.0,0.0,0.0,0.0,0.0,0.0,0.0,0.0,1.0,1.0,1.0,1.0,1.0,1.0,1.0,1.0,1.0,1.0,1.0
score_neck_length_score_04_m,male,neck_length_score,0.4,0.0,0.0,0.0,0.0,0.5,0.0,1.0,0.0,0.0,0.0,0.0,0.0238,0.0238,0.0238,0.0,0.0,0.0238,0.0238,0.0238,0.0,0.0,0.0,0.0,0.0,0.0,0.0,0.0238,0.0,0.0,0.0238,0.0238,0.0,0.0,0.0,0.0,0.0,0.0,0.0,0.0,0.0,0.0,0.0,0.0,0.0,0.0,0.0,0.0,1.0,1.0,1.0,1.0,1.0,1.0,1.0,1.0,1.0,1.0,1.0
score_neck_length_score_05_m,male,neck_length_score,0.5,0.0,0.0,0.0,0.0,0.5,0.0,1.0,0.0,0.0,0.0,0.0,0.0,0.0,0.0,0.0,0.0,0.0,0.0,0.0,0.0,0.0,0.0,0.0,0.0,0.0,0.0,0.0,0.0,0.0,0.0,0.0,0.0,0.0,0.0,0.0,0.0,0.0,0.0,0.0,0.0,0.0,0.0,0.0,0.0,0.0,0.0,0.0,1.0,1.0,1.0,1.0,1.0,1.0,1.0,1.0,1.0,1.0,1.0
score_neck_length_score_06_m,male,neck_length_score,0.6,0.0,0.0,0.0,0.0,0.5,0.0,1.0,0.0,0.0,0.0,0.06,-0.0238,-0.0238,-0.0238,0.0,0.0,-0.0238,-0.0238,-0.0238,0.0,0.0,0.0,0.0,0.0,0.0,0.0,0.0,0.0,0.0,-0.0238,-0.0238,0.0,0.0,0.0,0.0,0.0,0.0,0.0,0.0,0.0,0.0,0.0,0.0,0.0,0.0,0.0,0.0,1.0,1.0,1.0,1.0,1.0,1.0,1.0,1.0,1.0,1.0,1.0
score_neck_length_score_07_m,male,neck_length_score,0.7,0.0,0.0,0.0,0.0,0.5,0.0,1.0,0.0,0.0,0.0,0.12,-0.0476,-0.0476,-0.0476,0.0,0.0,-0.0476,-0.0476,-0.0476,0.0,0.0,0.0,0.0,0.0,0.0,0.0,0.0,0.0,0.0,-0.0476,-0.0476,0.0,0.0,0.0,0.0,0.0,0.0,0.0,0.0,0.0,0.0,0.0,0.0,0.0,0.0,0.0,0.0,1.0,1.0,1.0,1.0,1.0,1.0,1.0,1.0,1.0,1.0,1.0
score_neck_length_score_08_m,male,neck_length_score,0.8,0.0,0.0,0.0,0.0,0.5,0.0,1.0,0.0,0.0,0.0,0.18,-0.0714,-0.0714,-0.0714,0.0,0.0,-0.0714,-0.0714,-0.0714,0.0,0.0,0.0,0.0,0.0,0.0,0.0,0.0,0.0,0.0,-0.0714,-0.0714,0.0,0.0,0.0,0.0,0.0,0.0,0.0,0.0,0.0,0.0,0.0,0.0,0.0,0.0,0.0,0.0,1.0,1.0,1.0,1.0,1.0,1.0,1.0,1.0,1.0,1.0,1.0
score_neck_length_score_09_m,male,neck_length_score,0.9,0.0,0.0,0.0,0.0,0.5,0.0,1.0,0.0,0.0,0.0,0.24,-0.0952,-0.0952,-0.0952,0.0,0.0,-0.0952,-0.0952,-0.0952,0.0,0.0,0.0,0.0,0.0,0.0,0.0,0.0,0.0,0.0,-0.0952,-0.0952,0.0,0.0,0.0,0.0,0.0,0.0,0.0,0.0,0.0,0.0,0.0,0.0,0.0,0.0,0.0,0.0,1.0,1.0,1.0,1.0,1.0,1.0,1.0,1.0,1.0,1.0,1.0
score_neck_length_score_10_m,male,neck_length_score,1.0,0.0,0.0,0.0,0.0,0.5,0.0,1.0,0.0,0.0,0.0,0.3,-0.119,-0.119,-0.119,0.0,0.0,-0.119,-0.119,-0.119,0.0,0.0,0.0,0.0,0.0,0.0,0.0,0.0,0.0,0.0,-0.119,-0.119,0.0,0.0,0.0,0.0,0.0,0.0,0.0,0.0,0.0,0.0,0.0,0.0,0.0,0.0,0.0,0.0,1.0,1.0,1.0,1.0,1.0,1.0,1.0,1.0,1.0,1.0,1.0
score_hip_score_00_m,male,hip_score,0.0,0.0,0.0,0.0,0.0,0.5,0.0,1.0,0.0,0.0,0.0,0.0,0.0,0.0,0.0,0.0,0.0,0.0,0.0,0.0,0.0,0.0,0.0,0.0,0.0,0.0,0.0,0.0,0.0,0.0,0.0,0.0,0.0,0.0,0.0,0.0,0.0,0.0,0.0,0.0,0.0,0.0,0.0,0.0,0.0,0.0,0.0,0.0,1.0,1.0,1.0,1.0,1.0,1.0,1.0,1.0,1.0,1.0,1.0
score_hip_score_01_m,male,hip_score,0.1,0.0,0.0,0.1,0.0,0.5,0.0,1.0,0.0,0.0,0.0,0.0,0.0,0.0,0.0,0.0,0.0,0.0,0.0,0.0,0.0,0.0,0.0,0.0,0.0,0.0,0.0,0.0,0.05,0.03,0.0,0.0,0.0,0.0,0.0,0.0,0.0,0.0,0.0,0.0,0.0,0.0,0.0,0.0,0.0,0.0,0.0,0.0,1.0,1.0,1.0,1.0,1.0,1.0,1.0,1.0,1.0,1.0,1.0
score_hip_score_02_m,male,hip_score,0.2,0.0,0.0,0.2,0.0,0.5,0.0,1.0,0.0,0.0,0.0,0.0,0.0,0.0,0.0,0.0,0.0,0.0,0.0,0.0,0.0,0.0,0.0,0.0,0.0,0.0,0.0,0.0,0.1,0.06,0.0,0.0,0.0,0.0,0.0,0.0,0.0,0.0,0.0,0.0,0.0,0.0,0.0,0.0,0.0,0.0,0.0,0.0,1.0,1.0,1.0,1.0,1.0,1.0,1.0,1.0,1.0,1.0,1.0
score_hip_score_03_m,male,hip_score,0.3,0.0,0.0,0.3,0.0,0.5,0.0,1.0,0.0,0.0,0.0,0.0,0.0,0.0,0.0,0.0,0.0,0.0,0.0,0.0,0.0,0.0,0.0,0.0,0.0,0.0,0.0,0.0,0.15,0.09,0.0,0.0,0.0,0.0,0.0,0.0,0.0,0.0,0.0,0.0,0.0,0.0,0.0,0.0,0.0,0.0,0.0,0.0,1.0,1.0,1.0,1.0,1.0,1.0,1.0,1.0,1.0,1.0,1.0
score_hip_score_04_m,male,hip_score,0.4,0.0,0.0,0.4,0.0,0.5,0.0,1.0,0.0,0.0,0.0,0.0,0.0,0.0,0.0,0.0,0.0,0.0,0.0,0.0,0.0,0.0,0.0,0.0,0.0,0.0,0.0,0.0,0.2,0.12,0.0,0.0,0.0,0.0,0.0,0.0,0.0,0.0,0.0,0.0,0.0,0.0,0.0,0.0,0.0,0.0,0.0,0.0,1.0,1.0,1.0,1.0,1.0,1.0,1.0,1.0,1.0,1.0,1.0
score_hip_score_05_m,male,hip_score,0.5,0.0,0.0,0.5,0.0,0.5,0.0,1.0,0.0,0.0,0.0,0.0,0.0,0.0,0.0,0.0,0.0,0.0,0.0,0.0,0.0,0.0,0.0,0.0,0.0,0.0,0.0,0.0,0.25,0.15,0.0,0.0,0.0,0.0,0.0,0.0,0.0,0.0,0.0,0.0,0.0,0.0,0.0,0.0,0.0,0.0,0.0,0.0,1.0,1.0,1.0,1.0,1.0,1.0,1.0,1.0,1.0,1.0,1.0
score_hip_score_06_m,male,hip_score,0.6,0.0,0.0,0.6,0.0,0.5,0.0,1.0,0.0,0.0,0.0,0.0,0.0,0.0,0.0,0.0,0.0,0.0,0.0,0.0,0.0,0.0,0.0,0.0,0.0,0.0,0.0,0.0,0.3,0.18,0.0,0.0,0.0,0.0,0.0,0.0,0.0,0.0,0.0,0.0,0.0,0.0,0.0,0.0,0.0,0.0,0.0,0.0,1.0,1.0,1.0,1.0,1.0,1.0,1.0,1.0,1.0,1.0,1.0
score_hip_score_07_m,male,hip_score,0.7,0.0,0.0,0.7,0.0,0.5,0.0,1.0,0.0,0.0,0.0,0.0,0.0,0.0,0.0,0.0,0.0,0.0,0.0,0.0,0.0,0.0,0.0,0.0,0.0,0.0,0.0,0.0,0.35,0.21,0.0,0.0,0.0,0.0,0.0,0.0,0.0,0.0,0.0,0.0,0.0,0.0,0.0,0.0,0.0,0.0,0.0,0.0,1.0,1.0,1.0,1.0,1.0,1.0,1.0,1.0,1.0,1.0,1.0
score_hip_score_08_m,male,hip_score,0.8,0.0,0.0,0.8,0.0,0.5,0.0,1.0,0.0,0.0,0.0,0.0,0.0,0.0,0.0,0.0,0.0,0.0,0.0,0.0,0.0,0.0,0.0,0.0,0.0,0.0,0.0,0.0,0.4,0.24,0.0,0.0,0.0,0.0,0.0,0.0,0.0,0.0,0.0,0.0,0.0,0.0,0.0,0.0,0.0,0.0,0.0,0.0,1.0,1.0,1.0,1.0,1.0,1.0,1.0,1.0,1.0,1.0,1.0
score_hip_score_09_m,male,hip_score,0.9,0.0,0.0,0.9,0.0,0.5,0.0,1.0,0.0,0.0,0.0,0.0,0.0,0.0,0.0,0.0,0.0,0.0,0.0,0.0,0.0,0.0,0.0,0.0,0.0,0.0,0.0,0.0,0.45,0.27,0.0,0.0,0.0,0.0,0.0,0.0,0.0,0.0,0.0,0.0,0.0,0.0,0.0,0.0,0.0,0.0,0.0,0.0,1.0,1.0,1.0,1.0,1.0,1.0,1.0,1.0,1.0,1.0,1.0
score_hip_score_10_m,male,hip_score,1.0,0.0,0.0,1.0,0.0,0.5,0.0,1.0,0.0,0.0,0.0,0.0,0.0,0.0,0.0,0.0,0.0,0.0,0.0,0.0,0.0,0.0,0.0,0.0,0.0,0.0,0.0,0.0,0.5,0.3,0.0,0.0,0.0,0.0,0.0,0.0,0.0,0.0,0.0,0.0,0.0,0.0,0.0,0.0,0.0,0.0,0.0,0.0,1.0,1.0,1.0,1.0,1.0,1.0,1.0,1.0,1.0,1.0,1.0
score_waist_def_score_00_m,male,waist_def_score,0.0,0.0,0.0,0.0,0.0,0.5,0.0,1.0,0.0,0.0,0.0,0.0,0.0,0.0,0.0,0.0,0.0,0.0,0.0,0.0,0.0,0.0,0.0,0.0,0.0,0.0,0.0,0.0,0.0,0.0,0.0,0.0,0.0,0.0,0.0,0.0,0.0,0.0,0.0,0.0,0.0,0.0,0.0,0.0,0.0,0.0,0.0,0.0,1.0,1.0,1.0,1.0,1.0,1.0,1.0,1.0,1.0,1.0,1.0
score_waist_def_score_01_m,male,waist_def_score,0.1,0.0,0.0,0.0,0.1,0.5,0.0,1.0,0.0,0.0,0.0,0.0,0.0,0.0,0.0,0.0,0.0,0.0,0.0,0.0,0.0,0.0,0.0,0.0,-0.04,0.0,0.0,0.0,0.0,0.0,0.0,0.0,0.0,0.0,0.0,0.0,0.0,0.0,0.0,0.0,0.0,0.0,0.0,0.0,0.0,0.0,0.0,0.0,1.0,1.0,1.0,1.0,1.0,1.0,1.0,1.0,1.0,1.0,1.0
score_waist_def_score_02_m,male,waist_def_score,0.2,0.0,0.0,0.0,0.2,0.5,0.0,1.0,0.0,0.0,0.0,0.0,0.0,0.0,0.0,0.0,0.0,0.0,0.0,0.0,0.0,0.0,0.0,0.0,-0.08,0.0,0.0,0.0,0.0,0.0,0.0,0.0,0.0,0.0,0.0,0.0,0.0,0.0,0.0,0.0,0.0,0.0,0.0,0.0,0.0,0.0,0.0,0.0,1.0,1.0,1.0,1.0,1.0,1.0,1.0,1.0,1.0,1.0,1.0
score_waist_def_score_03_m,male,waist_def_score,0.3,0.0,0.0,0.0,0.3,0.5,0.0,1.0,0.0,0.0,0.0,0.0,0.0,0.0,0.0,0.0,0.0,0.0,0.0,0.0,0.0,0.0,0.0,0.0,-0.12,0.0,0.0,0.0,0.0,0.0,0.0,0.0,0.0,0.0,0.0,0.0,0.0,0.0,0.0,0.0,0.0,0.0,0.0,0.0,0.0,0.0,0.0,0.0,1.0,1.0,1.0,1.0,1.0,1.0,1.0,1.0,1.0,1.0,1.0
score_waist_def_score_04_m,male,waist_def_score,0.4,0.0,0.0,0.0,0.4,0.5,0.0,1.0,0.0,0.0,0.0,0.0,0.0,0.0,0.0,0.0,0.0,0.0,0.0,0.0,0.0,0.0,0.0,0.0,-0.16,0.0,0.0,0.0,0.0,0.0,0.0,0.0,0.0,0.0,0.0,0.0,0.0,0.0,0.0,0.0,0.0,0.0,0.0,0.0,0.0,0.0,0.0,0.0,1.0,1.0,1.0,1.0,1.0,1.0,1.0,1.0,1.0,1.0,1.0
score_waist_def_score_05_m,male,waist_def_score,0.5,0.0,0.0,0.0,0.5,0.5,0.0,1.0,0.0,0.0,0.0,0.0,0.0,0.0,0.0,0.0,0.0,0.0,0.0,0.0,0.0,0.0,0.0,0.0,-0.2,0.0,0.0,0.0,0.0,0.0,0.0,0.0,0.0,0.0,0.0,0.0,0.0,0.0,0.0,0.0,0.0,0.0,0.0,0.0,0.0,0.0,0.0,0.0,1.0,1.0,1.0,1.0,1.0,1.0,1.0,1.0,1.0,1.0,1.0
score_waist_def_score_06_m,male,waist_def_score,0.6,0.0,0.0,0.0,0.6,0.5,0.0,1.0,0.0,0.0,0.0,0.0,0.0,0.0,0.0,0.0,0.0,0.0,0.0,0.0,0.0,0.0,0.0,0.0,-0.24,0.0,0.0,0.0,0.0,0.0,0.0,0.0,0.0,0.0,0.0,0.0,0.0,0.0,0.0,0.0,0.0,0.0,0.0,0.0,0.0,0.0,0.0,0.0,1.0,1.0,1.0,1.0,1.0,1.0,1.0,1.0,1.0,1.0,1.0
score_waist_def_score_07_m,male,waist_def_score,0.7,0.0,0.0,0.0,0.7,0.5,0.0,1.0,0.0,0.0,0.0,0.0,0.0,0.0,0.0,0.0,0.0,0.0,0.0,0.0,0.0,0.0,0.0,0.0,-0.28,0.0,0.0,0.0,0.0,0.0,0.0,0.0,0.0,0.0,0.0,0.0,0.0,0.0,0.0,0.0,0.0,0.0,0.0,0.0,0.0,0.0,0.0,0.0,1.0,1.0,1.0,1.0,1.0,1.0,1.0,1.0,1.0,1.0,1.0
score_waist_def_score_08_m,male,waist_def_score,0.8,0.0,0.0,0.0,0.8,0.5,0.0,1.0,0.0,0.0,0.0,0.0,0.0,0.0,0.0,0.0,0.0,0.0,0.0,0.0,0.0,0.0,0.0,0.0,-0.32,0.0,0.0,0.0,0.0,0.0,0.0,0.0,0.0,0.0,0.0,0.0,0.0,0.0,0.0,0.0,0.0,0.0,0.0,0.0,0.0,0.0,0.0,0.0,1.0,1.0,1.0,1.0,1.0,1.0,1.0,1.0,1.0,1.0,1.0
score_waist_def_score_09_m,male,waist_def_score,0.9,0.0,0.0,0.0,0.9,0.5,0.0,1.0,0.0,0.0,0.0,0.0,0.0,0.0,0.0,0.0,0.0,0.0,0.0,0.0,0.0,0.0,0.0,0.0,-0.36,0.0,0.0,0.0,0.0,0.0,0.0,0.0,0.0,0.0,0.0,0.0,0.0,0.0,0.0,0.0,0.0,0.0,0.0,0.0,0.0,0.0,0.0,0.0,1.0,1.0,1.0,1.0,1.0,1.0,1.0,1.0,1.0,1.0,1.0
score_waist_def_score_10_m,male,waist_def_score,1.0,0.0,0.0,0.0,1.0,0.5,0.0,1.0,0.0,0.0,0.0,0.0,0.0,0.0,0.0,0.0,0.0,0.0,0.0,0.0,0.0,0.0,0.0,0.0,-0.4,0.0,0.0,0.0,0.0,0.0,0.0,0.0,0.0,0.0,0.0,0.0,0.0,0.0,0.0,0.0,0.0,0.0,0.0,0.0,0.0,0.0,0.0,0.0,1.0,1.0,1.0,1.0,1.0,1.0,1.0,1.0,1.0,1.0,1.0
